IP,Port,Protocol,Status,Service
192.168.1.60,6,TCP,Free,
192.168.1.60,1,TCP,Free,
192.168.1.60,9,TCP,Free,
192.168.1.60,15,TCP,Free,
192.168.1.60,22,TCP,Free,
192.168.1.60,12,TCP,Free,
192.168.1.60,11,TCP,Free,
192.168.1.60,21,TCP,Free,
192.168.1.60,3,TCP,Free,
192.168.1.60,43,TCP,Free,
192.168.1.60,27,TCP,Free,
192.168.1.60,8,TCP,Free,
192.168.1.60,2,TCP,Free,
192.168.1.60,34,TCP,Free,
192.168.1.60,23,TCP,Free,
192.168.1.60,33,TCP,Free,
192.168.1.60,29,TCP,Free,
192.168.1.60,38,TCP,Free,
192.168.1.60,19,TCP,Free,
192.168.1.60,13,TCP,Free,
192.168.1.60,10,TCP,Free,
192.168.1.60,45,TCP,Free,
192.168.1.60,16,TCP,Free,
192.168.1.60,46,TCP,Free,
192.168.1.60,25,TCP,Free,
192.168.1.60,31,TCP,Free,
192.168.1.60,35,TCP,Free,
192.168.1.60,32,TCP,Free,
192.168.1.60,36,TCP,Free,
192.168.1.60,47,TCP,Free,
192.168.1.60,48,TCP,Free,
192.168.1.60,24,TCP,Free,
192.168.1.60,5,TCP,Free,
192.168.1.60,14,TCP,Free,
192.168.1.60,41,TCP,Free,
192.168.1.60,4,TCP,Free,
192.168.1.60,49,TCP,Free,
192.168.1.60,42,TCP,Free,
192.168.1.60,39,TCP,Free,
192.168.1.60,40,TCP,Free,
192.168.1.60,7,TCP,Free,
192.168.1.60,30,TCP,Free,
192.168.1.60,17,TCP,Free,
192.168.1.60,20,TCP,Free,
192.168.1.60,28,TCP,Free,
192.168.1.60,44,TCP,Free,
192.168.1.60,37,TCP,Free,
192.168.1.60,26,TCP,Free,
192.168.1.60,18,TCP,Free,
192.168.1.60,50,TCP,Free,
192.168.1.60,53,TCP,Free,
192.168.1.60,56,TCP,Free,
192.168.1.60,80,TCP,Free,
192.168.1.60,72,TCP,Free,
192.168.1.60,95,TCP,Free,
192.168.1.60,67,TCP,Free,
192.168.1.60,65,TCP,Free,
192.168.1.60,93,TCP,Free,
192.168.1.60,98,TCP,Free,
192.168.1.60,92,TCP,Free,
192.168.1.60,66,TCP,Free,
192.168.1.60,54,TCP,Free,
192.168.1.60,75,TCP,Free,
192.168.1.60,57,TCP,Free,
192.168.1.60,70,TCP,Free,
192.168.1.60,58,TCP,Free,
192.168.1.60,87,TCP,Free,
192.168.1.60,99,TCP,Free,
192.168.1.60,78,TCP,Free,
192.168.1.60,73,TCP,Free,
192.168.1.60,64,TCP,Free,
192.168.1.60,91,TCP,Free,
192.168.1.60,79,TCP,Free,
192.168.1.60,94,TCP,Free,
192.168.1.60,61,TCP,Free,
192.168.1.60,84,TCP,Free,
192.168.1.60,83,TCP,Free,
192.168.1.60,63,TCP,Free,
192.168.1.60,59,TCP,Free,
192.168.1.60,51,TCP,Free,
192.168.1.60,77,TCP,Free,
192.168.1.60,90,TCP,Free,
192.168.1.60,97,TCP,Free,
192.168.1.60,81,TCP,Free,
192.168.1.60,74,TCP,Free,
192.168.1.60,71,TCP,Free,
192.168.1.60,68,TCP,Free,
192.168.1.60,52,TCP,Free,
192.168.1.60,86,TCP,Free,
192.168.1.60,85,TCP,Free,
192.168.1.60,96,TCP,Free,
192.168.1.60,69,TCP,Free,
192.168.1.60,88,TCP,Free,
192.168.1.60,62,TCP,Free,
192.168.1.60,76,TCP,Free,
192.168.1.60,82,TCP,Free,
192.168.1.60,60,TCP,Free,
192.168.1.60,55,TCP,Free,
192.168.1.60,89,TCP,Free,
192.168.1.60,100,TCP,Free,
192.168.1.60,120,TCP,Free,
192.168.1.60,129,TCP,Free,
192.168.1.60,134,TCP,Free,
192.168.1.60,146,TCP,Free,
192.168.1.60,144,TCP,Free,
192.168.1.60,124,TCP,Free,
192.168.1.60,106,TCP,Free,
192.168.1.60,127,TCP,Free,
192.168.1.60,114,TCP,Free,
192.168.1.60,112,TCP,Free,
192.168.1.60,125,TCP,Free,
192.168.1.60,115,TCP,Free,
192.168.1.60,130,TCP,Free,
192.168.1.60,145,TCP,Free,
192.168.1.60,111,TCP,Free,
192.168.1.60,149,TCP,Free,
192.168.1.60,142,TCP,Free,
192.168.1.60,147,TCP,Free,
192.168.1.60,128,TCP,Free,
192.168.1.60,122,TCP,Free,
192.168.1.60,136,TCP,Free,
192.168.1.60,116,TCP,Free,
192.168.1.60,103,TCP,Free,
192.168.1.60,104,TCP,Free,
192.168.1.60,138,TCP,Free,
192.168.1.60,108,TCP,Free,
192.168.1.60,102,TCP,Free,
192.168.1.60,131,TCP,Free,
192.168.1.60,101,TCP,Free,
192.168.1.60,105,TCP,Free,
192.168.1.60,113,TCP,Free,
192.168.1.60,109,TCP,Free,
192.168.1.60,117,TCP,Free,
192.168.1.60,141,TCP,Free,
192.168.1.60,139,TCP,Free,
192.168.1.60,140,TCP,Free,
192.168.1.60,135,TCP,Free,
192.168.1.60,132,TCP,Free,
192.168.1.60,110,TCP,Free,
192.168.1.60,119,TCP,Free,
192.168.1.60,107,TCP,Free,
192.168.1.60,133,TCP,Free,
192.168.1.60,123,TCP,Free,
192.168.1.60,126,TCP,Free,
192.168.1.60,137,TCP,Free,
192.168.1.60,118,TCP,Free,
192.168.1.60,148,TCP,Free,
192.168.1.60,121,TCP,Free,
192.168.1.60,143,TCP,Free,
192.168.1.60,150,TCP,Free,
192.168.1.60,154,TCP,Free,
192.168.1.60,164,TCP,Free,
192.168.1.60,194,TCP,Free,
192.168.1.60,167,TCP,Free,
192.168.1.60,196,TCP,Free,
192.168.1.60,182,TCP,Free,
192.168.1.60,188,TCP,Free,
192.168.1.60,151,TCP,Free,
192.168.1.60,187,TCP,Free,
192.168.1.60,191,TCP,Free,
192.168.1.60,198,TCP,Free,
192.168.1.60,161,TCP,Free,
192.168.1.60,176,TCP,Free,
192.168.1.60,166,TCP,Free,
192.168.1.60,155,TCP,Free,
192.168.1.60,193,TCP,Free,
192.168.1.60,160,TCP,Free,
192.168.1.60,171,TCP,Free,
192.168.1.60,185,TCP,Free,
192.168.1.60,153,TCP,Free,
192.168.1.60,174,TCP,Free,
192.168.1.60,170,TCP,Free,
192.168.1.60,192,TCP,Free,
192.168.1.60,180,TCP,Free,
192.168.1.60,168,TCP,Free,
192.168.1.60,175,TCP,Free,
192.168.1.60,190,TCP,Free,
192.168.1.60,163,TCP,Free,
192.168.1.60,162,TCP,Free,
192.168.1.60,181,TCP,Free,
192.168.1.60,159,TCP,Free,
192.168.1.60,197,TCP,Free,
192.168.1.60,157,TCP,Free,
192.168.1.60,158,TCP,Free,
192.168.1.60,173,TCP,Free,
192.168.1.60,172,TCP,Free,
192.168.1.60,177,TCP,Free,
192.168.1.60,184,TCP,Free,
192.168.1.60,199,TCP,Free,
192.168.1.60,195,TCP,Free,
192.168.1.60,189,TCP,Free,
192.168.1.60,178,TCP,Free,
192.168.1.60,156,TCP,Free,
192.168.1.60,165,TCP,Free,
192.168.1.60,186,TCP,Free,
192.168.1.60,179,TCP,Free,
192.168.1.60,152,TCP,Free,
192.168.1.60,183,TCP,Free,
192.168.1.60,169,TCP,Free,
192.168.1.60,200,TCP,Free,
192.168.1.60,204,TCP,Free,
192.168.1.60,215,TCP,Free,
192.168.1.60,213,TCP,Free,
192.168.1.60,205,TCP,Free,
192.168.1.60,217,TCP,Free,
192.168.1.60,227,TCP,Free,
192.168.1.60,224,TCP,Free,
192.168.1.60,243,TCP,Free,
192.168.1.60,238,TCP,Free,
192.168.1.60,249,TCP,Free,
192.168.1.60,242,TCP,Free,
192.168.1.60,248,TCP,Free,
192.168.1.60,222,TCP,Free,
192.168.1.60,214,TCP,Free,
192.168.1.60,225,TCP,Free,
192.168.1.60,216,TCP,Free,
192.168.1.60,244,TCP,Free,
192.168.1.60,234,TCP,Free,
192.168.1.60,210,TCP,Free,
192.168.1.60,239,TCP,Free,
192.168.1.60,245,TCP,Free,
192.168.1.60,221,TCP,Free,
192.168.1.60,218,TCP,Free,
192.168.1.60,228,TCP,Free,
192.168.1.60,206,TCP,Free,
192.168.1.60,237,TCP,Free,
192.168.1.60,231,TCP,Free,
192.168.1.60,229,TCP,Free,
192.168.1.60,220,TCP,Free,
192.168.1.60,226,TCP,Free,
192.168.1.60,241,TCP,Free,
192.168.1.60,233,TCP,Free,
192.168.1.60,240,TCP,Free,
192.168.1.60,232,TCP,Free,
192.168.1.60,202,TCP,Free,
192.168.1.60,203,TCP,Free,
192.168.1.60,207,TCP,Free,
192.168.1.60,219,TCP,Free,
192.168.1.60,208,TCP,Free,
192.168.1.60,230,TCP,Free,
192.168.1.60,235,TCP,Free,
192.168.1.60,201,TCP,Free,
192.168.1.60,223,TCP,Free,
192.168.1.60,246,TCP,Free,
192.168.1.60,209,TCP,Free,
192.168.1.60,236,TCP,Free,
192.168.1.60,211,TCP,Free,
192.168.1.60,247,TCP,Free,
192.168.1.60,250,TCP,Free,
192.168.1.60,212,TCP,Free,
192.168.1.60,251,TCP,Free,
192.168.1.60,261,TCP,Free,
192.168.1.60,254,TCP,Free,
192.168.1.60,262,TCP,Free,
192.168.1.60,278,TCP,Free,
192.168.1.60,266,TCP,Free,
192.168.1.60,253,TCP,Free,
192.168.1.60,282,TCP,Free,
192.168.1.60,285,TCP,Free,
192.168.1.60,255,TCP,Free,
192.168.1.60,263,TCP,Free,
192.168.1.60,268,TCP,Free,
192.168.1.60,260,TCP,Free,
192.168.1.60,292,TCP,Free,
192.168.1.60,265,TCP,Free,
192.168.1.60,287,TCP,Free,
192.168.1.60,270,TCP,Free,
192.168.1.60,280,TCP,Free,
192.168.1.60,272,TCP,Free,
192.168.1.60,293,TCP,Free,
192.168.1.60,258,TCP,Free,
192.168.1.60,299,TCP,Free,
192.168.1.60,257,TCP,Free,
192.168.1.60,284,TCP,Free,
192.168.1.60,256,TCP,Free,
192.168.1.60,275,TCP,Free,
192.168.1.60,283,TCP,Free,
192.168.1.60,296,TCP,Free,
192.168.1.60,281,TCP,Free,
192.168.1.60,288,TCP,Free,
192.168.1.60,300,TCP,Free,
192.168.1.60,252,TCP,Free,
192.168.1.60,291,TCP,Free,
192.168.1.60,295,TCP,Free,
192.168.1.60,279,TCP,Free,
192.168.1.60,259,TCP,Free,
192.168.1.60,274,TCP,Free,
192.168.1.60,289,TCP,Free,
192.168.1.60,297,TCP,Free,
192.168.1.60,267,TCP,Free,
192.168.1.60,264,TCP,Free,
192.168.1.60,277,TCP,Free,
192.168.1.60,269,TCP,Free,
192.168.1.60,294,TCP,Free,
192.168.1.60,271,TCP,Free,
192.168.1.60,298,TCP,Free,
192.168.1.60,276,TCP,Free,
192.168.1.60,290,TCP,Free,
192.168.1.60,286,TCP,Free,
192.168.1.60,273,TCP,Free,
192.168.1.60,301,TCP,Free,
192.168.1.60,303,TCP,Free,
192.168.1.60,310,TCP,Free,
192.168.1.60,306,TCP,Free,
192.168.1.60,330,TCP,Free,
192.168.1.60,315,TCP,Free,
192.168.1.60,328,TCP,Free,
192.168.1.60,313,TCP,Free,
192.168.1.60,338,TCP,Free,
192.168.1.60,320,TCP,Free,
192.168.1.60,334,TCP,Free,
192.168.1.60,337,TCP,Free,
192.168.1.60,342,TCP,Free,
192.168.1.60,324,TCP,Free,
192.168.1.60,309,TCP,Free,
192.168.1.60,318,TCP,Free,
192.168.1.60,325,TCP,Free,
192.168.1.60,304,TCP,Free,
192.168.1.60,322,TCP,Free,
192.168.1.60,307,TCP,Free,
192.168.1.60,316,TCP,Free,
192.168.1.60,347,TCP,Free,
192.168.1.60,323,TCP,Free,
192.168.1.60,311,TCP,Free,
192.168.1.60,321,TCP,Free,
192.168.1.60,341,TCP,Free,
192.168.1.60,345,TCP,Free,
192.168.1.60,344,TCP,Free,
192.168.1.60,331,TCP,Free,
192.168.1.60,350,TCP,Free,
192.168.1.60,339,TCP,Free,
192.168.1.60,340,TCP,Free,
192.168.1.60,343,TCP,Free,
192.168.1.60,327,TCP,Free,
192.168.1.60,302,TCP,Free,
192.168.1.60,349,TCP,Free,
192.168.1.60,332,TCP,Free,
192.168.1.60,333,TCP,Free,
192.168.1.60,314,TCP,Free,
192.168.1.60,312,TCP,Free,
192.168.1.60,348,TCP,Free,
192.168.1.60,335,TCP,Free,
192.168.1.60,305,TCP,Free,
192.168.1.60,319,TCP,Free,
192.168.1.60,308,TCP,Free,
192.168.1.60,336,TCP,Free,
192.168.1.60,317,TCP,Free,
192.168.1.60,326,TCP,Free,
192.168.1.60,346,TCP,Free,
192.168.1.60,329,TCP,Free,
192.168.1.60,351,TCP,Free,
192.168.1.60,368,TCP,Free,
192.168.1.60,358,TCP,Free,
192.168.1.60,353,TCP,Free,
192.168.1.60,378,TCP,Free,
192.168.1.60,386,TCP,Free,
192.168.1.60,400,TCP,Free,
192.168.1.60,379,TCP,Free,
192.168.1.60,361,TCP,Free,
192.168.1.60,363,TCP,Free,
192.168.1.60,372,TCP,Free,
192.168.1.60,376,TCP,Free,
192.168.1.60,390,TCP,Free,
192.168.1.60,383,TCP,Free,
192.168.1.60,356,TCP,Free,
192.168.1.60,380,TCP,Free,
192.168.1.60,377,TCP,Free,
192.168.1.60,375,TCP,Free,
192.168.1.60,360,TCP,Free,
192.168.1.60,357,TCP,Free,
192.168.1.60,370,TCP,Free,
192.168.1.60,362,TCP,Free,
192.168.1.60,373,TCP,Free,
192.168.1.60,392,TCP,Free,
192.168.1.60,388,TCP,Free,
192.168.1.60,398,TCP,Free,
192.168.1.60,394,TCP,Free,
192.168.1.60,365,TCP,Free,
192.168.1.60,359,TCP,Free,
192.168.1.60,355,TCP,Free,
192.168.1.60,385,TCP,Free,
192.168.1.60,352,TCP,Free,
192.168.1.60,399,TCP,Free,
192.168.1.60,381,TCP,Free,
192.168.1.60,384,TCP,Free,
192.168.1.60,393,TCP,Free,
192.168.1.60,387,TCP,Free,
192.168.1.60,369,TCP,Free,
192.168.1.60,396,TCP,Free,
192.168.1.60,364,TCP,Free,
192.168.1.60,371,TCP,Free,
192.168.1.60,395,TCP,Free,
192.168.1.60,354,TCP,Free,
192.168.1.60,366,TCP,Free,
192.168.1.60,391,TCP,Free,
192.168.1.60,397,TCP,Free,
192.168.1.60,382,TCP,Free,
192.168.1.60,374,TCP,Free,
192.168.1.60,389,TCP,Free,
192.168.1.60,367,TCP,Free,
192.168.1.60,401,TCP,Free,
192.168.1.60,413,TCP,Free,
192.168.1.60,405,TCP,Free,
192.168.1.60,421,TCP,Free,
192.168.1.60,428,TCP,Free,
192.168.1.60,430,TCP,Free,
192.168.1.60,425,TCP,Free,
192.168.1.60,403,TCP,Free,
192.168.1.60,402,TCP,Free,
192.168.1.60,426,TCP,Free,
192.168.1.60,415,TCP,Free,
192.168.1.60,406,TCP,Free,
192.168.1.60,411,TCP,Free,
192.168.1.60,404,TCP,Free,
192.168.1.60,433,TCP,Free,
192.168.1.60,412,TCP,Free,
192.168.1.60,431,TCP,Free,
192.168.1.60,414,TCP,Free,
192.168.1.60,446,TCP,Free,
192.168.1.60,435,TCP,Free,
192.168.1.60,429,TCP,Free,
192.168.1.60,447,TCP,Free,
192.168.1.60,437,TCP,Free,
192.168.1.60,436,TCP,Free,
192.168.1.60,448,TCP,Free,
192.168.1.60,418,TCP,Free,
192.168.1.60,424,TCP,Free,
192.168.1.60,441,TCP,Free,
192.168.1.60,442,TCP,Free,
192.168.1.60,449,TCP,Free,
192.168.1.60,419,TCP,Free,
192.168.1.60,416,TCP,Free,
192.168.1.60,438,TCP,Free,
192.168.1.60,439,TCP,Free,
192.168.1.60,408,TCP,Free,
192.168.1.60,434,TCP,Free,
192.168.1.60,422,TCP,Free,
192.168.1.60,427,TCP,Free,
192.168.1.60,445,TCP,Free,
192.168.1.60,420,TCP,Free,
192.168.1.60,432,TCP,Free,
192.168.1.60,450,TCP,Free,
192.168.1.60,409,TCP,Free,
192.168.1.60,407,TCP,Free,
192.168.1.60,444,TCP,Free,
192.168.1.60,417,TCP,Free,
192.168.1.60,440,TCP,Free,
192.168.1.60,410,TCP,Free,
192.168.1.60,443,TCP,Free,
192.168.1.60,423,TCP,Free,
192.168.1.60,451,TCP,Free,
192.168.1.60,457,TCP,Free,
192.168.1.60,467,TCP,Free,
192.168.1.60,490,TCP,Free,
192.168.1.60,468,TCP,Free,
192.168.1.60,456,TCP,Free,
192.168.1.60,473,TCP,Free,
192.168.1.60,493,TCP,Free,
192.168.1.60,480,TCP,Free,
192.168.1.60,472,TCP,Free,
192.168.1.60,470,TCP,Free,
192.168.1.60,465,TCP,Free,
192.168.1.60,471,TCP,Free,
192.168.1.60,474,TCP,Free,
192.168.1.60,475,TCP,Free,
192.168.1.60,454,TCP,Free,
192.168.1.60,478,TCP,Free,
192.168.1.60,489,TCP,Free,
192.168.1.60,458,TCP,Free,
192.168.1.60,483,TCP,Free,
192.168.1.60,463,TCP,Free,
192.168.1.60,469,TCP,Free,
192.168.1.60,452,TCP,Free,
192.168.1.60,479,TCP,Free,
192.168.1.60,460,TCP,Free,
192.168.1.60,500,TCP,Free,
192.168.1.60,466,TCP,Free,
192.168.1.60,484,TCP,Free,
192.168.1.60,482,TCP,Free,
192.168.1.60,496,TCP,Free,
192.168.1.60,499,TCP,Free,
192.168.1.60,498,TCP,Free,
192.168.1.60,453,TCP,Free,
192.168.1.60,494,TCP,Free,
192.168.1.60,455,TCP,Free,
192.168.1.60,461,TCP,Free,
192.168.1.60,477,TCP,Free,
192.168.1.60,462,TCP,Free,
192.168.1.60,459,TCP,Free,
192.168.1.60,488,TCP,Free,
192.168.1.60,476,TCP,Free,
192.168.1.60,464,TCP,Free,
192.168.1.60,486,TCP,Free,
192.168.1.60,497,TCP,Free,
192.168.1.60,487,TCP,Free,
192.168.1.60,492,TCP,Free,
192.168.1.60,495,TCP,Free,
192.168.1.60,491,TCP,Free,
192.168.1.60,481,TCP,Free,
192.168.1.60,485,TCP,Free,
192.168.1.60,501,TCP,Free,
192.168.1.60,514,TCP,Free,
192.168.1.60,502,TCP,Free,
192.168.1.60,525,TCP,Free,
192.168.1.60,507,TCP,Free,
192.168.1.60,549,TCP,Free,
192.168.1.60,519,TCP,Free,
192.168.1.60,547,TCP,Free,
192.168.1.60,513,TCP,Free,
192.168.1.60,539,TCP,Free,
192.168.1.60,543,TCP,Free,
192.168.1.60,534,TCP,Free,
192.168.1.60,521,TCP,Free,
192.168.1.60,511,TCP,Free,
192.168.1.60,503,TCP,Free,
192.168.1.60,540,TCP,Free,
192.168.1.60,546,TCP,Free,
192.168.1.60,536,TCP,Free,
192.168.1.60,517,TCP,Free,
192.168.1.60,523,TCP,Free,
192.168.1.60,506,TCP,Free,
192.168.1.60,535,TCP,Free,
192.168.1.60,524,TCP,Free,
192.168.1.60,528,TCP,Free,
192.168.1.60,533,TCP,Free,
192.168.1.60,510,TCP,Free,
192.168.1.60,545,TCP,Free,
192.168.1.60,541,TCP,Free,
192.168.1.60,505,TCP,Free,
192.168.1.60,532,TCP,Free,
192.168.1.60,544,TCP,Free,
192.168.1.60,522,TCP,Free,
192.168.1.60,515,TCP,Free,
192.168.1.60,548,TCP,Free,
192.168.1.60,508,TCP,Free,
192.168.1.60,531,TCP,Free,
192.168.1.60,520,TCP,Free,
192.168.1.60,526,TCP,Free,
192.168.1.60,538,TCP,Free,
192.168.1.60,537,TCP,Free,
192.168.1.60,516,TCP,Free,
192.168.1.60,512,TCP,Free,
192.168.1.60,518,TCP,Free,
192.168.1.60,529,TCP,Free,
192.168.1.60,530,TCP,Free,
192.168.1.60,542,TCP,Free,
192.168.1.60,509,TCP,Free,
192.168.1.60,527,TCP,Free,
192.168.1.60,504,TCP,Free,
192.168.1.60,550,TCP,Free,
192.168.1.60,551,TCP,Free,
192.168.1.60,559,TCP,Free,
192.168.1.60,583,TCP,Free,
192.168.1.60,568,TCP,Free,
192.168.1.60,569,TCP,Free,
192.168.1.60,557,TCP,Free,
192.168.1.60,600,TCP,Free,
192.168.1.60,556,TCP,Free,
192.168.1.60,560,TCP,Free,
192.168.1.60,593,TCP,Free,
192.168.1.60,553,TCP,Free,
192.168.1.60,592,TCP,Free,
192.168.1.60,598,TCP,Free,
192.168.1.60,590,TCP,Free,
192.168.1.60,584,TCP,Free,
192.168.1.60,596,TCP,Free,
192.168.1.60,573,TCP,Free,
192.168.1.60,588,TCP,Free,
192.168.1.60,558,TCP,Free,
192.168.1.60,572,TCP,Free,
192.168.1.60,570,TCP,Free,
192.168.1.60,561,TCP,Free,
192.168.1.60,562,TCP,Free,
192.168.1.60,582,TCP,Free,
192.168.1.60,574,TCP,Free,
192.168.1.60,571,TCP,Free,
192.168.1.60,563,TCP,Free,
192.168.1.60,595,TCP,Free,
192.168.1.60,579,TCP,Free,
192.168.1.60,552,TCP,Free,
192.168.1.60,586,TCP,Free,
192.168.1.60,580,TCP,Free,
192.168.1.60,555,TCP,Free,
192.168.1.60,597,TCP,Free,
192.168.1.60,589,TCP,Free,
192.168.1.60,587,TCP,Free,
192.168.1.60,575,TCP,Free,
192.168.1.60,591,TCP,Free,
192.168.1.60,581,TCP,Free,
192.168.1.60,594,TCP,Free,
192.168.1.60,576,TCP,Free,
192.168.1.60,554,TCP,Free,
192.168.1.60,599,TCP,Free,
192.168.1.60,567,TCP,Free,
192.168.1.60,585,TCP,Free,
192.168.1.60,564,TCP,Free,
192.168.1.60,578,TCP,Free,
192.168.1.60,566,TCP,Free,
192.168.1.60,577,TCP,Free,
192.168.1.60,565,TCP,Free,
192.168.1.60,601,TCP,Free,
192.168.1.60,614,TCP,Free,
192.168.1.60,627,TCP,Free,
192.168.1.60,615,TCP,Free,
192.168.1.60,636,TCP,Free,
192.168.1.60,624,TCP,Free,
192.168.1.60,646,TCP,Free,
192.168.1.60,616,TCP,Free,
192.168.1.60,604,TCP,Free,
192.168.1.60,629,TCP,Free,
192.168.1.60,618,TCP,Free,
192.168.1.60,625,TCP,Free,
192.168.1.60,640,TCP,Free,
192.168.1.60,638,TCP,Free,
192.168.1.60,620,TCP,Free,
192.168.1.60,649,TCP,Free,
192.168.1.60,619,TCP,Free,
192.168.1.60,637,TCP,Free,
192.168.1.60,607,TCP,Free,
192.168.1.60,621,TCP,Free,
192.168.1.60,622,TCP,Free,
192.168.1.60,642,TCP,Free,
192.168.1.60,606,TCP,Free,
192.168.1.60,628,TCP,Free,
192.168.1.60,630,TCP,Free,
192.168.1.60,605,TCP,Free,
192.168.1.60,626,TCP,Free,
192.168.1.60,633,TCP,Free,
192.168.1.60,610,TCP,Free,
192.168.1.60,631,TCP,Free,
192.168.1.60,611,TCP,Free,
192.168.1.60,648,TCP,Free,
192.168.1.60,609,TCP,Free,
192.168.1.60,650,TCP,Free,
192.168.1.60,645,TCP,Free,
192.168.1.60,641,TCP,Free,
192.168.1.60,644,TCP,Free,
192.168.1.60,623,TCP,Free,
192.168.1.60,643,TCP,Free,
192.168.1.60,617,TCP,Free,
192.168.1.60,612,TCP,Free,
192.168.1.60,608,TCP,Free,
192.168.1.60,635,TCP,Free,
192.168.1.60,647,TCP,Free,
192.168.1.60,603,TCP,Free,
192.168.1.60,634,TCP,Free,
192.168.1.60,602,TCP,Free,
192.168.1.60,639,TCP,Free,
192.168.1.60,613,TCP,Free,
192.168.1.60,632,TCP,Free,
192.168.1.60,651,TCP,Free,
192.168.1.60,674,TCP,Free,
192.168.1.60,672,TCP,Free,
192.168.1.60,667,TCP,Free,
192.168.1.60,669,TCP,Free,
192.168.1.60,656,TCP,Free,
192.168.1.60,658,TCP,Free,
192.168.1.60,699,TCP,Free,
192.168.1.60,684,TCP,Free,
192.168.1.60,691,TCP,Free,
192.168.1.60,653,TCP,Free,
192.168.1.60,668,TCP,Free,
192.168.1.60,694,TCP,Free,
192.168.1.60,652,TCP,Free,
192.168.1.60,657,TCP,Free,
192.168.1.60,681,TCP,Free,
192.168.1.60,692,TCP,Free,
192.168.1.60,677,TCP,Free,
192.168.1.60,686,TCP,Free,
192.168.1.60,682,TCP,Free,
192.168.1.60,675,TCP,Free,
192.168.1.60,685,TCP,Free,
192.168.1.60,695,TCP,Free,
192.168.1.60,696,TCP,Free,
192.168.1.60,697,TCP,Free,
192.168.1.60,680,TCP,Free,
192.168.1.60,660,TCP,Free,
192.168.1.60,690,TCP,Free,
192.168.1.60,679,TCP,Free,
192.168.1.60,661,TCP,Free,
192.168.1.60,687,TCP,Free,
192.168.1.60,673,TCP,Free,
192.168.1.60,664,TCP,Free,
192.168.1.60,683,TCP,Free,
192.168.1.60,665,TCP,Free,
192.168.1.60,700,TCP,Free,
192.168.1.60,676,TCP,Free,
192.168.1.60,688,TCP,Free,
192.168.1.60,689,TCP,Free,
192.168.1.60,662,TCP,Free,
192.168.1.60,654,TCP,Free,
192.168.1.60,670,TCP,Free,
192.168.1.60,671,TCP,Free,
192.168.1.60,663,TCP,Free,
192.168.1.60,666,TCP,Free,
192.168.1.60,659,TCP,Free,
192.168.1.60,698,TCP,Free,
192.168.1.60,693,TCP,Free,
192.168.1.60,678,TCP,Free,
192.168.1.60,655,TCP,Free,
192.168.1.60,701,TCP,Free,
192.168.1.60,718,TCP,Free,
192.168.1.60,726,TCP,Free,
192.168.1.60,727,TCP,Free,
192.168.1.60,710,TCP,Free,
192.168.1.60,721,TCP,Free,
192.168.1.60,740,TCP,Free,
192.168.1.60,731,TCP,Free,
192.168.1.60,732,TCP,Free,
192.168.1.60,703,TCP,Free,
192.168.1.60,730,TCP,Free,
192.168.1.60,743,TCP,Free,
192.168.1.60,725,TCP,Free,
192.168.1.60,708,TCP,Free,
192.168.1.60,748,TCP,Free,
192.168.1.60,737,TCP,Free,
192.168.1.60,747,TCP,Free,
192.168.1.60,735,TCP,Free,
192.168.1.60,745,TCP,Free,
192.168.1.60,738,TCP,Free,
192.168.1.60,741,TCP,Free,
192.168.1.60,733,TCP,Free,
192.168.1.60,720,TCP,Free,
192.168.1.60,729,TCP,Free,
192.168.1.60,716,TCP,Free,
192.168.1.60,713,TCP,Free,
192.168.1.60,707,TCP,Free,
192.168.1.60,706,TCP,Free,
192.168.1.60,746,TCP,Free,
192.168.1.60,750,TCP,Free,
192.168.1.60,714,TCP,Free,
192.168.1.60,717,TCP,Free,
192.168.1.60,719,TCP,Free,
192.168.1.60,723,TCP,Free,
192.168.1.60,736,TCP,Free,
192.168.1.60,744,TCP,Free,
192.168.1.60,712,TCP,Free,
192.168.1.60,711,TCP,Free,
192.168.1.60,702,TCP,Free,
192.168.1.60,709,TCP,Free,
192.168.1.60,704,TCP,Free,
192.168.1.60,724,TCP,Free,
192.168.1.60,739,TCP,Free,
192.168.1.60,749,TCP,Free,
192.168.1.60,715,TCP,Free,
192.168.1.60,722,TCP,Free,
192.168.1.60,728,TCP,Free,
192.168.1.60,705,TCP,Free,
192.168.1.60,742,TCP,Free,
192.168.1.60,734,TCP,Free,
192.168.1.60,751,TCP,Free,
192.168.1.60,756,TCP,Free,
192.168.1.60,757,TCP,Free,
192.168.1.60,762,TCP,Free,
192.168.1.60,759,TCP,Free,
192.168.1.60,791,TCP,Free,
192.168.1.60,799,TCP,Free,
192.168.1.60,794,TCP,Free,
192.168.1.60,785,TCP,Free,
192.168.1.60,774,TCP,Free,
192.168.1.60,795,TCP,Free,
192.168.1.60,753,TCP,Free,
192.168.1.60,778,TCP,Free,
192.168.1.60,771,TCP,Free,
192.168.1.60,781,TCP,Free,
192.168.1.60,783,TCP,Free,
192.168.1.60,784,TCP,Free,
192.168.1.60,800,TCP,Free,
192.168.1.60,796,TCP,Free,
192.168.1.60,776,TCP,Free,
192.168.1.60,793,TCP,Free,
192.168.1.60,777,TCP,Free,
192.168.1.60,775,TCP,Free,
192.168.1.60,758,TCP,Free,
192.168.1.60,754,TCP,Free,
192.168.1.60,788,TCP,Free,
192.168.1.60,787,TCP,Free,
192.168.1.60,761,TCP,Free,
192.168.1.60,765,TCP,Free,
192.168.1.60,768,TCP,Free,
192.168.1.60,760,TCP,Free,
192.168.1.60,755,TCP,Free,
192.168.1.60,779,TCP,Free,
192.168.1.60,766,TCP,Free,
192.168.1.60,769,TCP,Free,
192.168.1.60,772,TCP,Free,
192.168.1.60,797,TCP,Free,
192.168.1.60,767,TCP,Free,
192.168.1.60,780,TCP,Free,
192.168.1.60,786,TCP,Free,
192.168.1.60,782,TCP,Free,
192.168.1.60,798,TCP,Free,
192.168.1.60,764,TCP,Free,
192.168.1.60,763,TCP,Free,
192.168.1.60,792,TCP,Free,
192.168.1.60,770,TCP,Free,
192.168.1.60,790,TCP,Free,
192.168.1.60,752,TCP,Free,
192.168.1.60,773,TCP,Free,
192.168.1.60,789,TCP,Free,
192.168.1.60,801,TCP,Free,
192.168.1.60,809,TCP,Free,
192.168.1.60,808,TCP,Free,
192.168.1.60,830,TCP,Free,
192.168.1.60,836,TCP,Free,
192.168.1.60,842,TCP,Free,
192.168.1.60,803,TCP,Free,
192.168.1.60,822,TCP,Free,
192.168.1.60,826,TCP,Free,
192.168.1.60,815,TCP,Free,
192.168.1.60,827,TCP,Free,
192.168.1.60,834,TCP,Free,
192.168.1.60,802,TCP,Free,
192.168.1.60,812,TCP,Free,
192.168.1.60,817,TCP,Free,
192.168.1.60,818,TCP,Free,
192.168.1.60,825,TCP,Free,
192.168.1.60,806,TCP,Free,
192.168.1.60,811,TCP,Free,
192.168.1.60,823,TCP,Free,
192.168.1.60,810,TCP,Free,
192.168.1.60,835,TCP,Free,
192.168.1.60,846,TCP,Free,
192.168.1.60,848,TCP,Free,
192.168.1.60,832,TCP,Free,
192.168.1.60,820,TCP,Free,
192.168.1.60,841,TCP,Free,
192.168.1.60,844,TCP,Free,
192.168.1.60,805,TCP,Free,
192.168.1.60,804,TCP,Free,
192.168.1.60,813,TCP,Free,
192.168.1.60,831,TCP,Free,
192.168.1.60,845,TCP,Free,
192.168.1.60,816,TCP,Free,
192.168.1.60,847,TCP,Free,
192.168.1.60,840,TCP,Free,
192.168.1.60,833,TCP,Free,
192.168.1.60,838,TCP,Free,
192.168.1.60,839,TCP,Free,
192.168.1.60,828,TCP,Free,
192.168.1.60,807,TCP,Free,
192.168.1.60,814,TCP,Free,
192.168.1.60,824,TCP,Free,
192.168.1.60,850,TCP,Free,
192.168.1.60,821,TCP,Free,
192.168.1.60,849,TCP,Free,
192.168.1.60,829,TCP,Free,
192.168.1.60,843,TCP,Free,
192.168.1.60,819,TCP,Free,
192.168.1.60,837,TCP,Free,
192.168.1.60,851,TCP,Free,
192.168.1.60,856,TCP,Free,
192.168.1.60,854,TCP,Free,
192.168.1.60,883,TCP,Free,
192.168.1.60,862,TCP,Free,
192.168.1.60,877,TCP,Free,
192.168.1.60,858,TCP,Free,
192.168.1.60,876,TCP,Free,
192.168.1.60,861,TCP,Free,
192.168.1.60,867,TCP,Free,
192.168.1.60,860,TCP,Free,
192.168.1.60,890,TCP,Free,
192.168.1.60,865,TCP,Free,
192.168.1.60,875,TCP,Free,
192.168.1.60,853,TCP,Free,
192.168.1.60,855,TCP,Free,
192.168.1.60,874,TCP,Free,
192.168.1.60,857,TCP,Free,
192.168.1.60,863,TCP,Free,
192.168.1.60,871,TCP,Free,
192.168.1.60,878,TCP,Free,
192.168.1.60,882,TCP,Free,
192.168.1.60,897,TCP,Free,
192.168.1.60,881,TCP,Free,
192.168.1.60,873,TCP,Free,
192.168.1.60,888,TCP,Free,
192.168.1.60,868,TCP,Free,
192.168.1.60,898,TCP,Free,
192.168.1.60,891,TCP,Free,
192.168.1.60,896,TCP,Free,
192.168.1.60,893,TCP,Free,
192.168.1.60,889,TCP,Free,
192.168.1.60,872,TCP,Free,
192.168.1.60,895,TCP,Free,
192.168.1.60,885,TCP,Free,
192.168.1.60,894,TCP,Free,
192.168.1.60,884,TCP,Free,
192.168.1.60,869,TCP,Free,
192.168.1.60,870,TCP,Free,
192.168.1.60,879,TCP,Free,
192.168.1.60,866,TCP,Free,
192.168.1.60,892,TCP,Free,
192.168.1.60,900,TCP,Free,
192.168.1.60,852,TCP,Free,
192.168.1.60,886,TCP,Free,
192.168.1.60,880,TCP,Free,
192.168.1.60,864,TCP,Free,
192.168.1.60,887,TCP,Free,
192.168.1.60,859,TCP,Free,
192.168.1.60,899,TCP,Free,
192.168.1.60,901,TCP,Free,
192.168.1.60,902,TCP,Free,
192.168.1.60,905,TCP,Free,
192.168.1.60,920,TCP,Free,
192.168.1.60,914,TCP,Free,
192.168.1.60,946,TCP,Free,
192.168.1.60,944,TCP,Free,
192.168.1.60,915,TCP,Free,
192.168.1.60,937,TCP,Free,
192.168.1.60,927,TCP,Free,
192.168.1.60,930,TCP,Free,
192.168.1.60,924,TCP,Free,
192.168.1.60,923,TCP,Free,
192.168.1.60,918,TCP,Free,
192.168.1.60,904,TCP,Free,
192.168.1.60,940,TCP,Free,
192.168.1.60,909,TCP,Free,
192.168.1.60,945,TCP,Free,
192.168.1.60,934,TCP,Free,
192.168.1.60,926,TCP,Free,
192.168.1.60,941,TCP,Free,
192.168.1.60,911,TCP,Free,
192.168.1.60,910,TCP,Free,
192.168.1.60,933,TCP,Free,
192.168.1.60,947,TCP,Free,
192.168.1.60,919,TCP,Free,
192.168.1.60,938,TCP,Free,
192.168.1.60,931,TCP,Free,
192.168.1.60,950,TCP,Free,
192.168.1.60,936,TCP,Free,
192.168.1.60,949,TCP,Free,
192.168.1.60,942,TCP,Free,
192.168.1.60,943,TCP,Free,
192.168.1.60,917,TCP,Free,
192.168.1.60,925,TCP,Free,
192.168.1.60,928,TCP,Free,
192.168.1.60,907,TCP,Free,
192.168.1.60,939,TCP,Free,
192.168.1.60,929,TCP,Free,
192.168.1.60,912,TCP,Free,
192.168.1.60,908,TCP,Free,
192.168.1.60,935,TCP,Free,
192.168.1.60,903,TCP,Free,
192.168.1.60,922,TCP,Free,
192.168.1.60,921,TCP,Free,
192.168.1.60,913,TCP,Free,
192.168.1.60,916,TCP,Free,
192.168.1.60,932,TCP,Free,
192.168.1.60,906,TCP,Free,
192.168.1.60,948,TCP,Free,
192.168.1.60,951,TCP,Free,
192.168.1.60,952,TCP,Free,
192.168.1.60,957,TCP,Free,
192.168.1.60,959,TCP,Free,
192.168.1.60,962,TCP,Free,
192.168.1.60,973,TCP,Free,
192.168.1.60,979,TCP,Free,
192.168.1.60,971,TCP,Free,
192.168.1.60,961,TCP,Free,
192.168.1.60,963,TCP,Free,
192.168.1.60,976,TCP,Free,
192.168.1.60,953,TCP,Free,
192.168.1.60,981,TCP,Free,
192.168.1.60,994,TCP,Free,
192.168.1.60,989,TCP,Free,
192.168.1.60,982,TCP,Free,
192.168.1.60,960,TCP,Free,
192.168.1.60,993,TCP,Free,
192.168.1.60,969,TCP,Free,
192.168.1.60,988,TCP,Free,
192.168.1.60,970,TCP,Free,
192.168.1.60,1000,TCP,Free,
192.168.1.60,964,TCP,Free,
192.168.1.60,966,TCP,Free,
192.168.1.60,985,TCP,Free,
192.168.1.60,958,TCP,Free,
192.168.1.60,983,TCP,Free,
192.168.1.60,965,TCP,Free,
192.168.1.60,991,TCP,Free,
192.168.1.60,996,TCP,Free,
192.168.1.60,977,TCP,Free,
192.168.1.60,984,TCP,Free,
192.168.1.60,955,TCP,Free,
192.168.1.60,995,TCP,Free,
192.168.1.60,956,TCP,Free,
192.168.1.60,954,TCP,Free,
192.168.1.60,968,TCP,Free,
192.168.1.60,999,TCP,Free,
192.168.1.60,978,TCP,Free,
192.168.1.60,980,TCP,Free,
192.168.1.60,974,TCP,Free,
192.168.1.60,998,TCP,Free,
192.168.1.60,975,TCP,Free,
192.168.1.60,967,TCP,Free,
192.168.1.60,997,TCP,Free,
192.168.1.60,986,TCP,Free,
192.168.1.60,990,TCP,Free,
192.168.1.60,992,TCP,Free,
192.168.1.60,987,TCP,Free,
192.168.1.60,972,TCP,Free,
192.168.1.60,1001,TCP,Free,
192.168.1.60,1002,TCP,Free,
192.168.1.60,1016,TCP,Free,
192.168.1.60,1009,TCP,Free,
192.168.1.60,1017,TCP,Free,
192.168.1.60,1006,TCP,Free,
192.168.1.60,1012,TCP,Free,
192.168.1.60,1005,TCP,Free,
192.168.1.60,1021,TCP,Free,
192.168.1.60,1018,TCP,Free,
192.168.1.60,1019,TCP,Free,
192.168.1.60,1023,TCP,Free,
192.168.1.60,1020,TCP,Free,
192.168.1.60,1010,TCP,Free,
192.168.1.60,1022,TCP,Free,
192.168.1.60,1014,TCP,Free,
192.168.1.60,1007,TCP,Free,
192.168.1.60,1024,TCP,Free,
192.168.1.60,1015,TCP,Free,
192.168.1.60,1004,TCP,Free,
192.168.1.60,1013,TCP,Free,
192.168.1.60,1003,TCP,Free,
192.168.1.60,1011,TCP,Free,
192.168.1.60,1008,TCP,Free,
192.168.1.60,4,UDP,Free,
192.168.1.60,24,UDP,Free,
192.168.1.60,1,UDP,Free,
192.168.1.60,18,UDP,Free,
192.168.1.60,22,UDP,Free,
192.168.1.60,8,UDP,Free,
192.168.1.60,6,UDP,Free,
192.168.1.60,10,UDP,Free,
192.168.1.60,25,UDP,Free,
192.168.1.60,12,UDP,Free,
192.168.1.60,16,UDP,Free,
192.168.1.60,23,UDP,Free,
192.168.1.60,26,UDP,Free,
192.168.1.60,9,UDP,Free,
192.168.1.60,5,UDP,Free,
192.168.1.60,3,UDP,Free,
192.168.1.60,7,UDP,Free,
192.168.1.60,14,UDP,Free,
192.168.1.60,20,UDP,Free,
192.168.1.60,2,UDP,Free,
192.168.1.60,17,UDP,Free,
192.168.1.60,11,UDP,Free,
192.168.1.60,19,UDP,Free,
192.168.1.60,21,UDP,Free,
192.168.1.60,13,UDP,Free,
192.168.1.60,15,UDP,Free,
192.168.1.60,27,UDP,Free,
192.168.1.60,28,UDP,Free,
192.168.1.60,42,UDP,Free,
192.168.1.60,37,UDP,Free,
192.168.1.60,70,UDP,Free,
192.168.1.60,69,UDP,Free,
192.168.1.60,61,UDP,Free,
192.168.1.60,57,UDP,Free,
192.168.1.60,33,UDP,Free,
192.168.1.60,63,UDP,Free,
192.168.1.60,66,UDP,Free,
192.168.1.60,31,UDP,Free,
192.168.1.60,64,UDP,Free,
192.168.1.60,58,UDP,Free,
192.168.1.60,43,UDP,Free,
192.168.1.60,56,UDP,Free,
192.168.1.60,49,UDP,Free,
192.168.1.60,55,UDP,Free,
192.168.1.60,76,UDP,Free,
192.168.1.60,47,UDP,Free,
192.168.1.60,73,UDP,Free,
192.168.1.60,34,UDP,Free,
192.168.1.60,29,UDP,Free,
192.168.1.60,30,UDP,Free,
192.168.1.60,62,UDP,Free,
192.168.1.60,65,UDP,Free,
192.168.1.60,53,UDP,Free,
192.168.1.60,41,UDP,Free,
192.168.1.60,54,UDP,Free,
192.168.1.60,50,UDP,Free,
192.168.1.60,59,UDP,Free,
192.168.1.60,48,UDP,Free,
192.168.1.60,75,UDP,Free,
192.168.1.60,36,UDP,Free,
192.168.1.60,38,UDP,Free,
192.168.1.60,72,UDP,Free,
192.168.1.60,71,UDP,Free,
192.168.1.60,35,UDP,Free,
192.168.1.60,67,UDP,Free,
192.168.1.60,40,UDP,Free,
192.168.1.60,68,UDP,Free,
192.168.1.60,60,UDP,Free,
192.168.1.60,51,UDP,Free,
192.168.1.60,46,UDP,Free,
192.168.1.60,32,UDP,Free,
192.168.1.60,44,UDP,Free,
192.168.1.60,74,UDP,Free,
192.168.1.60,45,UDP,Free,
192.168.1.60,39,UDP,Free,
192.168.1.60,52,UDP,Free,
192.168.1.60,77,UDP,Free,
192.168.1.60,78,UDP,Free,
192.168.1.60,105,UDP,Free,
192.168.1.60,103,UDP,Free,
192.168.1.60,85,UDP,Free,
192.168.1.60,91,UDP,Free,
192.168.1.60,99,UDP,Free,
192.168.1.60,97,UDP,Free,
192.168.1.60,81,UDP,Free,
192.168.1.60,113,UDP,Free,
192.168.1.60,117,UDP,Free,
192.168.1.60,115,UDP,Free,
192.168.1.60,119,UDP,Free,
192.168.1.60,87,UDP,Free,
192.168.1.60,125,UDP,Free,
192.168.1.60,98,UDP,Free,
192.168.1.60,114,UDP,Free,
192.168.1.60,118,UDP,Free,
192.168.1.60,92,UDP,Free,
192.168.1.60,96,UDP,Free,
192.168.1.60,90,UDP,Free,
192.168.1.60,101,UDP,Free,
192.168.1.60,79,UDP,Free,
192.168.1.60,82,UDP,Free,
192.168.1.60,83,UDP,Free,
192.168.1.60,110,UDP,Free,
192.168.1.60,86,UDP,Free,
192.168.1.60,111,UDP,Free,
192.168.1.60,89,UDP,Free,
192.168.1.60,94,UDP,Free,
192.168.1.60,102,UDP,Free,
192.168.1.60,80,UDP,Free,
192.168.1.60,121,UDP,Free,
192.168.1.60,88,UDP,Free,
192.168.1.60,108,UDP,Free,
192.168.1.60,109,UDP,Free,
192.168.1.60,112,UDP,Free,
192.168.1.60,122,UDP,Free,
192.168.1.60,124,UDP,Free,
192.168.1.60,100,UDP,Free,
192.168.1.60,84,UDP,Free,
192.168.1.60,93,UDP,Free,
192.168.1.60,95,UDP,Free,
192.168.1.60,120,UDP,Free,
192.168.1.60,104,UDP,Free,
192.168.1.60,123,UDP,Free,
192.168.1.60,126,UDP,Free,
192.168.1.60,107,UDP,Free,
192.168.1.60,116,UDP,Free,
192.168.1.60,106,UDP,Free,
192.168.1.60,127,UDP,Free,
192.168.1.60,128,UDP,Free,
192.168.1.60,144,UDP,Free,
192.168.1.60,141,UDP,Free,
192.168.1.60,152,UDP,Free,
192.168.1.60,150,UDP,Free,
192.168.1.60,160,UDP,Free,
192.168.1.60,163,UDP,Free,
192.168.1.60,135,UDP,Free,
192.168.1.60,142,UDP,Free,
192.168.1.60,158,UDP,Free,
192.168.1.60,156,UDP,Free,
192.168.1.60,154,UDP,Free,
192.168.1.60,161,UDP,Free,
192.168.1.60,171,UDP,Free,
192.168.1.60,155,UDP,Free,
192.168.1.60,170,UDP,Free,
192.168.1.60,147,UDP,Free,
192.168.1.60,166,UDP,Free,
192.168.1.60,164,UDP,Free,
192.168.1.60,167,UDP,Free,
192.168.1.60,143,UDP,Free,
192.168.1.60,132,UDP,Free,
192.168.1.60,140,UDP,Free,
192.168.1.60,130,UDP,Free,
192.168.1.60,139,UDP,Free,
192.168.1.60,146,UDP,Free,
192.168.1.60,134,UDP,Free,
192.168.1.60,162,UDP,Free,
192.168.1.60,133,UDP,Free,
192.168.1.60,169,UDP,Free,
192.168.1.60,149,UDP,Free,
192.168.1.60,172,UDP,Free,
192.168.1.60,175,UDP,Free,
192.168.1.60,159,UDP,Free,
192.168.1.60,148,UDP,Free,
192.168.1.60,136,UDP,Free,
192.168.1.60,131,UDP,Free,
192.168.1.60,129,UDP,Free,
192.168.1.60,137,UDP,Free,
192.168.1.60,151,UDP,Free,
192.168.1.60,138,UDP,Free,
192.168.1.60,157,UDP,Free,
192.168.1.60,168,UDP,Free,
192.168.1.60,173,UDP,Free,
192.168.1.60,176,UDP,Free,
192.168.1.60,165,UDP,Free,
192.168.1.60,153,UDP,Free,
192.168.1.60,145,UDP,Free,
192.168.1.60,174,UDP,Free,
192.168.1.60,177,UDP,Free,
192.168.1.60,178,UDP,Free,
192.168.1.60,214,UDP,Free,
192.168.1.60,189,UDP,Free,
192.168.1.60,205,UDP,Free,
192.168.1.60,204,UDP,Free,
192.168.1.60,201,UDP,Free,
192.168.1.60,212,UDP,Free,
192.168.1.60,180,UDP,Free,
192.168.1.60,207,UDP,Free,
192.168.1.60,194,UDP,Free,
192.168.1.60,208,UDP,Free,
192.168.1.60,202,UDP,Free,
192.168.1.60,191,UDP,Free,
192.168.1.60,209,UDP,Free,
192.168.1.60,210,UDP,Free,
192.168.1.60,188,UDP,Free,
192.168.1.60,185,UDP,Free,
192.168.1.60,198,UDP,Free,
192.168.1.60,199,UDP,Free,
192.168.1.60,197,UDP,Free,
192.168.1.60,195,UDP,Free,
192.168.1.60,193,UDP,Free,
192.168.1.60,184,UDP,Free,
192.168.1.60,192,UDP,Free,
192.168.1.60,206,UDP,Free,
192.168.1.60,179,UDP,Free,
192.168.1.60,200,UDP,Free,
192.168.1.60,182,UDP,Free,
192.168.1.60,190,UDP,Free,
192.168.1.60,187,UDP,Free,
192.168.1.60,196,UDP,Free,
192.168.1.60,203,UDP,Free,
192.168.1.60,183,UDP,Free,
192.168.1.60,186,UDP,Free,
192.168.1.60,213,UDP,Free,
192.168.1.60,211,UDP,Free,
192.168.1.60,181,UDP,Free,
192.168.1.60,222,UDP,Free,
192.168.1.60,226,UDP,Free,
192.168.1.60,219,UDP,Free,
192.168.1.60,218,UDP,Free,
192.168.1.60,217,UDP,Free,
192.168.1.60,216,UDP,Free,
192.168.1.60,221,UDP,Free,
192.168.1.60,224,UDP,Free,
192.168.1.60,225,UDP,Free,
192.168.1.60,223,UDP,Free,
192.168.1.60,215,UDP,Free,
192.168.1.60,220,UDP,Free,
192.168.1.60,227,UDP,Free,
192.168.1.60,228,UDP,Free,
192.168.1.60,229,UDP,Free,
192.168.1.60,254,UDP,Free,
192.168.1.60,244,UDP,Free,
192.168.1.60,249,UDP,Free,
192.168.1.60,245,UDP,Free,
192.168.1.60,234,UDP,Free,
192.168.1.60,236,UDP,Free,
192.168.1.60,235,UDP,Free,
192.168.1.60,257,UDP,Free,
192.168.1.60,237,UDP,Free,
192.168.1.60,251,UDP,Free,
192.168.1.60,238,UDP,Free,
192.168.1.60,261,UDP,Free,
192.168.1.60,260,UDP,Free,
192.168.1.60,256,UDP,Free,
192.168.1.60,247,UDP,Free,
192.168.1.60,232,UDP,Free,
192.168.1.60,242,UDP,Free,
192.168.1.60,253,UDP,Free,
192.168.1.60,240,UDP,Free,
192.168.1.60,241,UDP,Free,
192.168.1.60,243,UDP,Free,
192.168.1.60,258,UDP,Free,
192.168.1.60,264,UDP,Free,
192.168.1.60,263,UDP,Free,
192.168.1.60,262,UDP,Free,
192.168.1.60,233,UDP,Free,
192.168.1.60,252,UDP,Free,
192.168.1.60,250,UDP,Free,
192.168.1.60,259,UDP,Free,
192.168.1.60,230,UDP,Free,
192.168.1.60,239,UDP,Free,
192.168.1.60,248,UDP,Free,
192.168.1.60,246,UDP,Free,
192.168.1.60,231,UDP,Free,
192.168.1.60,255,UDP,Free,
192.168.1.60,268,UDP,Free,
192.168.1.60,273,UDP,Free,
192.168.1.60,266,UDP,Free,
192.168.1.60,269,UDP,Free,
192.168.1.60,276,UDP,Free,
192.168.1.60,272,UDP,Free,
192.168.1.60,275,UDP,Free,
192.168.1.60,274,UDP,Free,
192.168.1.60,271,UDP,Free,
192.168.1.60,267,UDP,Free,
192.168.1.60,265,UDP,Free,
192.168.1.60,270,UDP,Free,
192.168.1.60,277,UDP,Free,
192.168.1.60,278,UDP,Free,
192.168.1.60,285,UDP,Free,
192.168.1.60,287,UDP,Free,
192.168.1.60,280,UDP,Free,
192.168.1.60,301,UDP,Free,
192.168.1.60,298,UDP,Free,
192.168.1.60,296,UDP,Free,
192.168.1.60,291,UDP,Free,
192.168.1.60,284,UDP,Free,
192.168.1.60,309,UDP,Free,
192.168.1.60,307,UDP,Free,
192.168.1.60,311,UDP,Free,
192.168.1.60,294,UDP,Free,
192.168.1.60,281,UDP,Free,
192.168.1.60,293,UDP,Free,
192.168.1.60,292,UDP,Free,
192.168.1.60,283,UDP,Free,
192.168.1.60,289,UDP,Free,
192.168.1.60,288,UDP,Free,
192.168.1.60,286,UDP,Free,
192.168.1.60,302,UDP,Free,
192.168.1.60,299,UDP,Free,
192.168.1.60,295,UDP,Free,
192.168.1.60,314,UDP,Free,
192.168.1.60,303,UDP,Free,
192.168.1.60,312,UDP,Free,
192.168.1.60,306,UDP,Free,
192.168.1.60,308,UDP,Free,
192.168.1.60,304,UDP,Free,
192.168.1.60,305,UDP,Free,
192.168.1.60,282,UDP,Free,
192.168.1.60,290,UDP,Free,
192.168.1.60,310,UDP,Free,
192.168.1.60,297,UDP,Free,
192.168.1.60,313,UDP,Free,
192.168.1.60,300,UDP,Free,
192.168.1.60,279,UDP,Free,
192.168.1.60,317,UDP,Free,
192.168.1.60,322,UDP,Free,
192.168.1.60,315,UDP,Free,
192.168.1.60,318,UDP,Free,
192.168.1.60,319,UDP,Free,
192.168.1.60,323,UDP,Free,
192.168.1.60,324,UDP,Free,
192.168.1.60,326,UDP,Free,
192.168.1.60,320,UDP,Free,
192.168.1.60,316,UDP,Free,
192.168.1.60,321,UDP,Free,
192.168.1.60,325,UDP,Free,
192.168.1.60,327,UDP,Free,
192.168.1.60,328,UDP,Free,
192.168.1.60,346,UDP,Free,
192.168.1.60,333,UDP,Free,
192.168.1.60,341,UDP,Free,
192.168.1.60,331,UDP,Free,
192.168.1.60,345,UDP,Free,
192.168.1.60,351,UDP,Free,
192.168.1.60,361,UDP,Free,
192.168.1.60,356,UDP,Free,
192.168.1.60,354,UDP,Free,
192.168.1.60,334,UDP,Free,
192.168.1.60,358,UDP,Free,
192.168.1.60,350,UDP,Free,
192.168.1.60,360,UDP,Free,
192.168.1.60,357,UDP,Free,
192.168.1.60,340,UDP,Free,
192.168.1.60,339,UDP,Free,
192.168.1.60,335,UDP,Free,
192.168.1.60,332,UDP,Free,
192.168.1.60,349,UDP,Free,
192.168.1.60,337,UDP,Free,
192.168.1.60,329,UDP,Free,
192.168.1.60,343,UDP,Free,
192.168.1.60,336,UDP,Free,
192.168.1.60,363,UDP,Free,
192.168.1.60,362,UDP,Free,
192.168.1.60,338,UDP,Free,
192.168.1.60,330,UDP,Free,
192.168.1.60,342,UDP,Free,
192.168.1.60,344,UDP,Free,
192.168.1.60,347,UDP,Free,
192.168.1.60,352,UDP,Free,
192.168.1.60,353,UDP,Free,
192.168.1.60,364,UDP,Free,
192.168.1.60,359,UDP,Free,
192.168.1.60,355,UDP,Free,
192.168.1.60,348,UDP,Free,
192.168.1.60,365,UDP,Free,
192.168.1.60,369,UDP,Free,
192.168.1.60,367,UDP,Free,
192.168.1.60,371,UDP,Free,
192.168.1.60,368,UDP,Free,
192.168.1.60,370,UDP,Free,
192.168.1.60,373,UDP,Free,
192.168.1.60,375,UDP,Free,
192.168.1.60,372,UDP,Free,
192.168.1.60,376,UDP,Free,
192.168.1.60,366,UDP,Free,
192.168.1.60,374,UDP,Free,
192.168.1.60,377,UDP,Free,
192.168.1.60,378,UDP,Free,
192.168.1.60,394,UDP,Free,
192.168.1.60,389,UDP,Free,
192.168.1.60,388,UDP,Free,
192.168.1.60,383,UDP,Free,
192.168.1.60,387,UDP,Free,
192.168.1.60,379,UDP,Free,
192.168.1.60,382,UDP,Free,
192.168.1.60,396,UDP,Free,
192.168.1.60,390,UDP,Free,
192.168.1.60,380,UDP,Free,
192.168.1.60,386,UDP,Free,
192.168.1.60,395,UDP,Free,
192.168.1.60,385,UDP,Free,
192.168.1.60,392,UDP,Free,
192.168.1.60,381,UDP,Free,
192.168.1.60,393,UDP,Free,
192.168.1.60,391,UDP,Free,
192.168.1.60,384,UDP,Free,
192.168.1.60,405,UDP,Free,
192.168.1.60,423,UDP,Free,
192.168.1.60,412,UDP,Free,
192.168.1.60,409,UDP,Free,
192.168.1.60,408,UDP,Free,
192.168.1.60,415,UDP,Free,
192.168.1.60,425,UDP,Free,
192.168.1.60,417,UDP,Free,
192.168.1.60,420,UDP,Free,
192.168.1.60,419,UDP,Free,
192.168.1.60,426,UDP,Free,
192.168.1.60,398,UDP,Free,
192.168.1.60,403,UDP,Free,
192.168.1.60,399,UDP,Free,
192.168.1.60,401,UDP,Free,
192.168.1.60,413,UDP,Free,
192.168.1.60,410,UDP,Free,
192.168.1.60,402,UDP,Free,
192.168.1.60,424,UDP,Free,
192.168.1.60,404,UDP,Free,
192.168.1.60,416,UDP,Free,
192.168.1.60,400,UDP,Free,
192.168.1.60,422,UDP,Free,
192.168.1.60,414,UDP,Free,
192.168.1.60,397,UDP,Free,
192.168.1.60,411,UDP,Free,
192.168.1.60,407,UDP,Free,
192.168.1.60,406,UDP,Free,
192.168.1.60,421,UDP,Free,
192.168.1.60,418,UDP,Free,
192.168.1.60,427,UDP,Free,
192.168.1.60,428,UDP,Free,
192.168.1.60,444,UDP,Free,
192.168.1.60,436,UDP,Free,
192.168.1.60,445,UDP,Free,
192.168.1.60,441,UDP,Free,
192.168.1.60,429,UDP,Free,
192.168.1.60,431,UDP,Free,
192.168.1.60,435,UDP,Free,
192.168.1.60,437,UDP,Free,
192.168.1.60,439,UDP,Free,
192.168.1.60,443,UDP,Free,
192.168.1.60,446,UDP,Free,
192.168.1.60,442,UDP,Free,
192.168.1.60,432,UDP,Free,
192.168.1.60,440,UDP,Free,
192.168.1.60,433,UDP,Free,
192.168.1.60,430,UDP,Free,
192.168.1.60,434,UDP,Free,
192.168.1.60,438,UDP,Free,
192.168.1.60,447,UDP,Free,
192.168.1.60,453,UDP,Free,
192.168.1.60,464,UDP,Free,
192.168.1.60,470,UDP,Free,
192.168.1.60,474,UDP,Free,
192.168.1.60,458,UDP,Free,
192.168.1.60,460,UDP,Free,
192.168.1.60,466,UDP,Free,
192.168.1.60,472,UDP,Free,
192.168.1.60,475,UDP,Free,
192.168.1.60,455,UDP,Free,
192.168.1.60,456,UDP,Free,
192.168.1.60,448,UDP,Free,
192.168.1.60,461,UDP,Free,
192.168.1.60,462,UDP,Free,
192.168.1.60,449,UDP,Free,
192.168.1.60,463,UDP,Free,
192.168.1.60,451,UDP,Free,
192.168.1.60,465,UDP,Free,
192.168.1.60,467,UDP,Free,
192.168.1.60,473,UDP,Free,
192.168.1.60,468,UDP,Free,
192.168.1.60,469,UDP,Free,
192.168.1.60,471,UDP,Free,
192.168.1.60,452,UDP,Free,
192.168.1.60,459,UDP,Free,
192.168.1.60,450,UDP,Free,
192.168.1.60,476,UDP,Free,
192.168.1.60,454,UDP,Free,
192.168.1.60,457,UDP,Free,
192.168.1.60,477,UDP,Free,
192.168.1.60,478,UDP,Free,
192.168.1.60,490,UDP,Free,
192.168.1.60,486,UDP,Free,
192.168.1.60,481,UDP,Free,
192.168.1.60,479,UDP,Free,
192.168.1.60,485,UDP,Free,
192.168.1.60,480,UDP,Free,
192.168.1.60,483,UDP,Free,
192.168.1.60,491,UDP,Free,
192.168.1.60,494,UDP,Free,
192.168.1.60,482,UDP,Free,
192.168.1.60,493,UDP,Free,
192.168.1.60,492,UDP,Free,
192.168.1.60,496,UDP,Free,
192.168.1.60,488,UDP,Free,
192.168.1.60,484,UDP,Free,
192.168.1.60,495,UDP,Free,
192.168.1.60,487,UDP,Free,
192.168.1.60,489,UDP,Free,
192.168.1.60,502,UDP,Free,
192.168.1.60,498,UDP,Free,
192.168.1.60,507,UDP,Free,
192.168.1.60,505,UDP,Free,
192.168.1.60,504,UDP,Free,
192.168.1.60,503,UDP,Free,
192.168.1.60,510,UDP,Free,
192.168.1.60,500,UDP,Free,
192.168.1.60,506,UDP,Free,
192.168.1.60,497,UDP,Free,
192.168.1.60,501,UDP,Free,
192.168.1.60,509,UDP,Free,
192.168.1.60,508,UDP,Free,
192.168.1.60,499,UDP,Free,
192.168.1.60,516,UDP,Free,
192.168.1.60,511,UDP,Free,
192.168.1.60,525,UDP,Free,
192.168.1.60,520,UDP,Free,
192.168.1.60,513,UDP,Free,
192.168.1.60,515,UDP,Free,
192.168.1.60,512,UDP,Free,
192.168.1.60,523,UDP,Free,
192.168.1.60,517,UDP,Free,
192.168.1.60,524,UDP,Free,
192.168.1.60,526,UDP,Free,
192.168.1.60,514,UDP,Free,
192.168.1.60,518,UDP,Free,
192.168.1.60,521,UDP,Free,
192.168.1.60,522,UDP,Free,
192.168.1.60,519,UDP,Free,
192.168.1.60,527,UDP,Free,
192.168.1.60,528,UDP,Free,
192.168.1.60,530,UDP,Free,
192.168.1.60,529,UDP,Free,
192.168.1.60,536,UDP,Free,
192.168.1.60,531,UDP,Free,
192.168.1.60,535,UDP,Free,
192.168.1.60,537,UDP,Free,
192.168.1.60,533,UDP,Free,
192.168.1.60,532,UDP,Free,
192.168.1.60,534,UDP,Free,
192.168.1.60,545,UDP,Free,
192.168.1.60,539,UDP,Free,
192.168.1.60,552,UDP,Free,
192.168.1.60,538,UDP,Free,
192.168.1.60,547,UDP,Free,
192.168.1.60,546,UDP,Free,
192.168.1.60,544,UDP,Free,
192.168.1.60,543,UDP,Free,
192.168.1.60,548,UDP,Free,
192.168.1.60,550,UDP,Free,
192.168.1.60,551,UDP,Free,
192.168.1.60,541,UDP,Free,
192.168.1.60,542,UDP,Free,
192.168.1.60,549,UDP,Free,
192.168.1.60,540,UDP,Free,
192.168.1.60,554,UDP,Free,
192.168.1.60,555,UDP,Free,
192.168.1.60,553,UDP,Free,
192.168.1.60,556,UDP,Free,
192.168.1.60,558,UDP,Free,
192.168.1.60,557,UDP,Free,
192.168.1.60,562,UDP,Free,
192.168.1.60,560,UDP,Free,
192.168.1.60,561,UDP,Free,
192.168.1.60,564,UDP,Free,
192.168.1.60,563,UDP,Free,
192.168.1.60,559,UDP,Free,
192.168.1.60,570,UDP,Free,
192.168.1.60,574,UDP,Free,
192.168.1.60,576,UDP,Free,
192.168.1.60,572,UDP,Free,
192.168.1.60,571,UDP,Free,
192.168.1.60,568,UDP,Free,
192.168.1.60,567,UDP,Free,
192.168.1.60,573,UDP,Free,
192.168.1.60,569,UDP,Free,
192.168.1.60,565,UDP,Free,
192.168.1.60,566,UDP,Free,
192.168.1.60,575,UDP,Free,
192.168.1.60,577,UDP,Free,
192.168.1.60,578,UDP,Free,
192.168.1.60,580,UDP,Free,
192.168.1.60,584,UDP,Free,
192.168.1.60,587,UDP,Free,
192.168.1.60,579,UDP,Free,
192.168.1.60,582,UDP,Free,
192.168.1.60,583,UDP,Free,
192.168.1.60,586,UDP,Free,
192.168.1.60,581,UDP,Free,
192.168.1.60,585,UDP,Free,
192.168.1.60,592,UDP,Free,
192.168.1.60,597,UDP,Free,
192.168.1.60,596,UDP,Free,
192.168.1.60,588,UDP,Free,
192.168.1.60,590,UDP,Free,
192.168.1.60,601,UDP,Free,
192.168.1.60,591,UDP,Free,
192.168.1.60,600,UDP,Free,
192.168.1.60,599,UDP,Free,
192.168.1.60,595,UDP,Free,
192.168.1.60,594,UDP,Free,
192.168.1.60,602,UDP,Free,
192.168.1.60,593,UDP,Free,
192.168.1.60,598,UDP,Free,
192.168.1.60,589,UDP,Free,
192.168.1.60,604,UDP,Free,
192.168.1.60,614,UDP,Free,
192.168.1.60,609,UDP,Free,
192.168.1.60,603,UDP,Free,
192.168.1.60,606,UDP,Free,
192.168.1.60,605,UDP,Free,
192.168.1.60,607,UDP,Free,
192.168.1.60,608,UDP,Free,
192.168.1.60,610,UDP,Free,
192.168.1.60,612,UDP,Free,
192.168.1.60,613,UDP,Free,
192.168.1.60,611,UDP,Free,
192.168.1.60,615,UDP,Free,
192.168.1.60,626,UDP,Free,
192.168.1.60,620,UDP,Free,
192.168.1.60,617,UDP,Free,
192.168.1.60,619,UDP,Free,
192.168.1.60,618,UDP,Free,
192.168.1.60,625,UDP,Free,
192.168.1.60,624,UDP,Free,
192.168.1.60,623,UDP,Free,
192.168.1.60,622,UDP,Free,
192.168.1.60,616,UDP,Free,
192.168.1.60,621,UDP,Free,
192.168.1.60,627,UDP,Free,
192.168.1.60,628,UDP,Free,
192.168.1.60,637,UDP,Free,
192.168.1.60,634,UDP,Free,
192.168.1.60,629,UDP,Free,
192.168.1.60,630,UDP,Free,
192.168.1.60,633,UDP,Free,
192.168.1.60,635,UDP,Free,
192.168.1.60,631,UDP,Free,
192.168.1.60,632,UDP,Free,
192.168.1.60,636,UDP,Free,
192.168.1.60,639,UDP,Free,
192.168.1.60,644,UDP,Free,
192.168.1.60,651,UDP,Free,
192.168.1.60,641,UDP,Free,
192.168.1.60,640,UDP,Free,
192.168.1.60,645,UDP,Free,
192.168.1.60,646,UDP,Free,
192.168.1.60,647,UDP,Free,
192.168.1.60,650,UDP,Free,
192.168.1.60,648,UDP,Free,
192.168.1.60,643,UDP,Free,
192.168.1.60,642,UDP,Free,
192.168.1.60,649,UDP,Free,
192.168.1.60,638,UDP,Free,
192.168.1.60,652,UDP,Free,
192.168.1.60,660,UDP,Free,
192.168.1.60,657,UDP,Free,
192.168.1.60,664,UDP,Free,
192.168.1.60,658,UDP,Free,
192.168.1.60,662,UDP,Free,
192.168.1.60,663,UDP,Free,
192.168.1.60,654,UDP,Free,
192.168.1.60,655,UDP,Free,
192.168.1.60,653,UDP,Free,
192.168.1.60,661,UDP,Free,
192.168.1.60,659,UDP,Free,
192.168.1.60,656,UDP,Free,
192.168.1.60,665,UDP,Free,
192.168.1.60,676,UDP,Free,
192.168.1.60,672,UDP,Free,
192.168.1.60,671,UDP,Free,
192.168.1.60,670,UDP,Free,
192.168.1.60,668,UDP,Free,
192.168.1.60,675,UDP,Free,
192.168.1.60,667,UDP,Free,
192.168.1.60,669,UDP,Free,
192.168.1.60,673,UDP,Free,
192.168.1.60,674,UDP,Free,
192.168.1.60,666,UDP,Free,
192.168.1.60,677,UDP,Free,
192.168.1.60,678,UDP,Free,
192.168.1.60,679,UDP,Free,
192.168.1.60,685,UDP,Free,
192.168.1.60,681,UDP,Free,
192.168.1.60,683,UDP,Free,
192.168.1.60,680,UDP,Free,
192.168.1.60,682,UDP,Free,
192.168.1.60,686,UDP,Free,
192.168.1.60,684,UDP,Free,
192.168.1.60,687,UDP,Free,
192.168.1.60,700,UDP,Free,
192.168.1.60,691,UDP,Free,
192.168.1.60,690,UDP,Free,
192.168.1.60,701,UDP,Free,
192.168.1.60,697,UDP,Free,
192.168.1.60,693,UDP,Free,
192.168.1.60,694,UDP,Free,
192.168.1.60,688,UDP,Free,
192.168.1.60,695,UDP,Free,
192.168.1.60,696,UDP,Free,
192.168.1.60,698,UDP,Free,
192.168.1.60,692,UDP,Free,
192.168.1.60,689,UDP,Free,
192.168.1.60,699,UDP,Free,
192.168.1.60,702,UDP,Free,
192.168.1.60,714,UDP,Free,
192.168.1.60,707,UDP,Free,
192.168.1.60,704,UDP,Free,
192.168.1.60,711,UDP,Free,
192.168.1.60,710,UDP,Free,
192.168.1.60,709,UDP,Free,
192.168.1.60,706,UDP,Free,
192.168.1.60,712,UDP,Free,
192.168.1.60,708,UDP,Free,
192.168.1.60,705,UDP,Free,
192.168.1.60,703,UDP,Free,
192.168.1.60,713,UDP,Free,
192.168.1.60,719,UDP,Free,
192.168.1.60,721,UDP,Free,
192.168.1.60,723,UDP,Free,
192.168.1.60,718,UDP,Free,
192.168.1.60,715,UDP,Free,
192.168.1.60,717,UDP,Free,
192.168.1.60,722,UDP,Free,
192.168.1.60,724,UDP,Free,
192.168.1.60,716,UDP,Free,
192.168.1.60,720,UDP,Free,
192.168.1.60,725,UDP,Free,
192.168.1.60,726,UDP,Free,
192.168.1.60,727,UDP,Free,
192.168.1.60,728,UDP,Free,
192.168.1.60,735,UDP,Free,
192.168.1.60,737,UDP,Free,
192.168.1.60,733,UDP,Free,
192.168.1.60,731,UDP,Free,
192.168.1.60,729,UDP,Free,
192.168.1.60,732,UDP,Free,
192.168.1.60,734,UDP,Free,
192.168.1.60,730,UDP,Free,
192.168.1.60,736,UDP,Free,
192.168.1.60,752,UDP,Free,
192.168.1.60,749,UDP,Free,
192.168.1.60,740,UDP,Free,
192.168.1.60,738,UDP,Free,
192.168.1.60,741,UDP,Free,
192.168.1.60,748,UDP,Free,
192.168.1.60,746,UDP,Free,
192.168.1.60,750,UDP,Free,
192.168.1.60,743,UDP,Free,
192.168.1.60,747,UDP,Free,
192.168.1.60,745,UDP,Free,
192.168.1.60,742,UDP,Free,
192.168.1.60,739,UDP,Free,
192.168.1.60,751,UDP,Free,
192.168.1.60,744,UDP,Free,
192.168.1.60,754,UDP,Free,
192.168.1.60,753,UDP,Free,
192.168.1.60,755,UDP,Free,
192.168.1.60,758,UDP,Free,
192.168.1.60,756,UDP,Free,
192.168.1.60,759,UDP,Free,
192.168.1.60,760,UDP,Free,
192.168.1.60,761,UDP,Free,
192.168.1.60,763,UDP,Free,
192.168.1.60,764,UDP,Free,
192.168.1.60,757,UDP,Free,
192.168.1.60,762,UDP,Free,
192.168.1.60,765,UDP,Free,
192.168.1.60,769,UDP,Free,
192.168.1.60,768,UDP,Free,
192.168.1.60,775,UDP,Free,
192.168.1.60,766,UDP,Free,
192.168.1.60,767,UDP,Free,
192.168.1.60,772,UDP,Free,
192.168.1.60,770,UDP,Free,
192.168.1.60,774,UDP,Free,
192.168.1.60,773,UDP,Free,
192.168.1.60,776,UDP,Free,
192.168.1.60,771,UDP,Free,
192.168.1.60,777,UDP,Free,
192.168.1.60,778,UDP,Free,
192.168.1.60,779,UDP,Free,
192.168.1.60,786,UDP,Free,
192.168.1.60,781,UDP,Free,
192.168.1.60,780,UDP,Free,
192.168.1.60,785,UDP,Free,
192.168.1.60,784,UDP,Free,
192.168.1.60,783,UDP,Free,
192.168.1.60,782,UDP,Free,
192.168.1.60,787,UDP,Free,
192.168.1.60,788,UDP,Free,
192.168.1.60,798,UDP,Free,
192.168.1.60,799,UDP,Free,
192.168.1.60,801,UDP,Free,
192.168.1.60,789,UDP,Free,
192.168.1.60,793,UDP,Free,
192.168.1.60,794,UDP,Free,
192.168.1.60,796,UDP,Free,
192.168.1.60,791,UDP,Free,
192.168.1.60,795,UDP,Free,
192.168.1.60,792,UDP,Free,
192.168.1.60,797,UDP,Free,
192.168.1.60,800,UDP,Free,
192.168.1.60,802,UDP,Free,
192.168.1.60,790,UDP,Free,
192.168.1.60,806,UDP,Free,
192.168.1.60,812,UDP,Free,
192.168.1.60,809,UDP,Free,
192.168.1.60,807,UDP,Free,
192.168.1.60,803,UDP,Free,
192.168.1.60,814,UDP,Free,
192.168.1.60,813,UDP,Free,
192.168.1.60,808,UDP,Free,
192.168.1.60,804,UDP,Free,
192.168.1.60,805,UDP,Free,
192.168.1.60,810,UDP,Free,
192.168.1.60,811,UDP,Free,
192.168.1.60,820,UDP,Free,
192.168.1.60,816,UDP,Free,
192.168.1.60,818,UDP,Free,
192.168.1.60,817,UDP,Free,
192.168.1.60,821,UDP,Free,
192.168.1.60,819,UDP,Free,
192.168.1.60,823,UDP,Free,
192.168.1.60,822,UDP,Free,
192.168.1.60,824,UDP,Free,
192.168.1.60,815,UDP,Free,
192.168.1.60,826,UDP,Free,
192.168.1.60,825,UDP,Free,
192.168.1.60,827,UDP,Free,
192.168.1.60,828,UDP,Free,
192.168.1.60,832,UDP,Free,
192.168.1.60,835,UDP,Free,
192.168.1.60,829,UDP,Free,
192.168.1.60,834,UDP,Free,
192.168.1.60,833,UDP,Free,
192.168.1.60,837,UDP,Free,
192.168.1.60,830,UDP,Free,
192.168.1.60,831,UDP,Free,
192.168.1.60,836,UDP,Free,
192.168.1.60,839,UDP,Free,
192.168.1.60,850,UDP,Free,
192.168.1.60,849,UDP,Free,
192.168.1.60,844,UDP,Free,
192.168.1.60,845,UDP,Free,
192.168.1.60,843,UDP,Free,
192.168.1.60,841,UDP,Free,
192.168.1.60,838,UDP,Free,
192.168.1.60,852,UDP,Free,
192.168.1.60,851,UDP,Free,
192.168.1.60,846,UDP,Free,
192.168.1.60,842,UDP,Free,
192.168.1.60,840,UDP,Free,
192.168.1.60,848,UDP,Free,
192.168.1.60,847,UDP,Free,
192.168.1.60,862,UDP,Free,
192.168.1.60,861,UDP,Free,
192.168.1.60,854,UDP,Free,
192.168.1.60,856,UDP,Free,
192.168.1.60,859,UDP,Free,
192.168.1.60,853,UDP,Free,
192.168.1.60,855,UDP,Free,
192.168.1.60,864,UDP,Free,
192.168.1.60,863,UDP,Free,
192.168.1.60,857,UDP,Free,
192.168.1.60,860,UDP,Free,
192.168.1.60,858,UDP,Free,
192.168.1.60,873,UDP,Free,
192.168.1.60,866,UDP,Free,
192.168.1.60,874,UDP,Free,
192.168.1.60,875,UDP,Free,
192.168.1.60,876,UDP,Free,
192.168.1.60,871,UDP,Free,
192.168.1.60,867,UDP,Free,
192.168.1.60,865,UDP,Free,
192.168.1.60,869,UDP,Free,
192.168.1.60,872,UDP,Free,
192.168.1.60,870,UDP,Free,
192.168.1.60,868,UDP,Free,
192.168.1.60,877,UDP,Free,
192.168.1.60,878,UDP,Free,
192.168.1.60,881,UDP,Free,
192.168.1.60,886,UDP,Free,
192.168.1.60,883,UDP,Free,
192.168.1.60,879,UDP,Free,
192.168.1.60,880,UDP,Free,
192.168.1.60,884,UDP,Free,
192.168.1.60,882,UDP,Free,
192.168.1.60,887,UDP,Free,
192.168.1.60,885,UDP,Free,
192.168.1.60,890,UDP,Free,
192.168.1.60,888,UDP,Free,
192.168.1.60,892,UDP,Free,
192.168.1.60,889,UDP,Free,
192.168.1.60,899,UDP,Free,
192.168.1.60,894,UDP,Free,
192.168.1.60,898,UDP,Free,
192.168.1.60,897,UDP,Free,
192.168.1.60,902,UDP,Free,
192.168.1.60,900,UDP,Free,
192.168.1.60,893,UDP,Free,
192.168.1.60,891,UDP,Free,
192.168.1.60,895,UDP,Free,
192.168.1.60,901,UDP,Free,
192.168.1.60,896,UDP,Free,
192.168.1.60,905,UDP,Free,
192.168.1.60,908,UDP,Free,
192.168.1.60,914,UDP,Free,
192.168.1.60,904,UDP,Free,
192.168.1.60,903,UDP,Free,
192.168.1.60,910,UDP,Free,
192.168.1.60,906,UDP,Free,
192.168.1.60,913,UDP,Free,
192.168.1.60,912,UDP,Free,
192.168.1.60,907,UDP,Free,
192.168.1.60,909,UDP,Free,
192.168.1.60,911,UDP,Free,
192.168.1.60,916,UDP,Free,
192.168.1.60,917,UDP,Free,
192.168.1.60,915,UDP,Free,
192.168.1.60,925,UDP,Free,
192.168.1.60,920,UDP,Free,
192.168.1.60,922,UDP,Free,
192.168.1.60,926,UDP,Free,
192.168.1.60,918,UDP,Free,
192.168.1.60,924,UDP,Free,
192.168.1.60,919,UDP,Free,
192.168.1.60,921,UDP,Free,
192.168.1.60,923,UDP,Free,
192.168.1.60,927,UDP,Free,
192.168.1.60,928,UDP,Free,
192.168.1.60,932,UDP,Free,
192.168.1.60,931,UDP,Free,
192.168.1.60,936,UDP,Free,
192.168.1.60,937,UDP,Free,
192.168.1.60,930,UDP,Free,
192.168.1.60,933,UDP,Free,
192.168.1.60,934,UDP,Free,
192.168.1.60,935,UDP,Free,
192.168.1.60,929,UDP,Free,
192.168.1.60,948,UDP,Free,
192.168.1.60,951,UDP,Free,
192.168.1.60,952,UDP,Free,
192.168.1.60,939,UDP,Free,
192.168.1.60,940,UDP,Free,
192.168.1.60,947,UDP,Free,
192.168.1.60,950,UDP,Free,
192.168.1.60,944,UDP,Free,
192.168.1.60,946,UDP,Free,
192.168.1.60,943,UDP,Free,
192.168.1.60,949,UDP,Free,
192.168.1.60,941,UDP,Free,
192.168.1.60,938,UDP,Free,
192.168.1.60,945,UDP,Free,
192.168.1.60,942,UDP,Free,
192.168.1.60,955,UDP,Free,
192.168.1.60,959,UDP,Free,
192.168.1.60,958,UDP,Free,
192.168.1.60,963,UDP,Free,
192.168.1.60,957,UDP,Free,
192.168.1.60,961,UDP,Free,
192.168.1.60,964,UDP,Free,
192.168.1.60,954,UDP,Free,
192.168.1.60,960,UDP,Free,
192.168.1.60,953,UDP,Free,
192.168.1.60,962,UDP,Free,
192.168.1.60,956,UDP,Free,
192.168.1.60,974,UDP,Free,
192.168.1.60,975,UDP,Free,
192.168.1.60,967,UDP,Free,
192.168.1.60,972,UDP,Free,
192.168.1.60,970,UDP,Free,
192.168.1.60,966,UDP,Free,
192.168.1.60,971,UDP,Free,
192.168.1.60,976,UDP,Free,
192.168.1.60,973,UDP,Free,
192.168.1.60,965,UDP,Free,
192.168.1.60,969,UDP,Free,
192.168.1.60,968,UDP,Free,
192.168.1.60,977,UDP,Free,
192.168.1.60,978,UDP,Free,
192.168.1.60,981,UDP,Free,
192.168.1.60,986,UDP,Free,
192.168.1.60,982,UDP,Free,
192.168.1.60,987,UDP,Free,
192.168.1.60,979,UDP,Free,
192.168.1.60,985,UDP,Free,
192.168.1.60,983,UDP,Free,
192.168.1.60,980,UDP,Free,
192.168.1.60,984,UDP,Free,
192.168.1.60,988,UDP,Free,
192.168.1.60,996,UDP,Free,
192.168.1.60,999,UDP,Free,
192.168.1.60,1000,UDP,Free,
192.168.1.60,1002,UDP,Free,
192.168.1.60,989,UDP,Free,
192.168.1.60,990,UDP,Free,
192.168.1.60,991,UDP,Free,
192.168.1.60,993,UDP,Free,
192.168.1.60,995,UDP,Free,
192.168.1.60,992,UDP,Free,
192.168.1.60,997,UDP,Free,
192.168.1.60,998,UDP,Free,
192.168.1.60,1001,UDP,Free,
192.168.1.60,994,UDP,Free,
192.168.1.60,1012,UDP,Free,
192.168.1.60,1013,UDP,Free,
192.168.1.60,1014,UDP,Free,
192.168.1.60,1004,UDP,Free,
192.168.1.60,1005,UDP,Free,
192.168.1.60,1006,UDP,Free,
192.168.1.60,1010,UDP,Free,
192.168.1.60,1009,UDP,Free,
192.168.1.60,1007,UDP,Free,
192.168.1.60,1008,UDP,Free,
192.168.1.60,1011,UDP,Free,
192.168.1.60,1003,UDP,Free,
192.168.1.60,1017,UDP,Free,
192.168.1.60,1023,UDP,Free,
192.168.1.60,1024,UDP,Free,
192.168.1.60,1016,UDP,Free,
192.168.1.60,1019,UDP,Free,
192.168.1.60,1020,UDP,Free,
192.168.1.60,1018,UDP,Free,
192.168.1.60,1015,UDP,Free,
192.168.1.60,1021,UDP,Free,
192.168.1.60,1022,UDP,Free,
