Port,Protocol,Status,Service
135,TCP,Busy,epmap
139,TCP,Busy,netbios-ssn
445,TCP,Busy,microsoft-ds
2,TCP,Free,
40,TCP,Free,
10,TCP,Free,
9,TCP,Free,
6,TCP,Free,
18,TCP,Free,
17,TCP,Free,
1,TCP,Free,
8,TCP,Free,
13,TCP,Free,
14,TCP,Free,
20,TCP,Free,
7,TCP,Free,
30,TCP,Free,
29,TCP,Free,
16,TCP,Free,
19,TCP,Free,
3,TCP,Free,
26,TCP,Free,
25,TCP,Free,
15,TCP,Free,
12,TCP,Free,
22,TCP,Free,
21,TCP,Free,
11,TCP,Free,
28,TCP,Free,
31,TCP,Free,
34,TCP,Free,
33,TCP,Free,
27,TCP,Free,
24,TCP,Free,
23,TCP,Free,
37,TCP,Free,
32,TCP,Free,
38,TCP,Free,
35,TCP,Free,
36,TCP,Free,
42,TCP,Free,
41,TCP,Free,
43,TCP,Free,
46,TCP,Free,
45,TCP,Free,
5,TCP,Free,
44,TCP,Free,
47,TCP,Free,
48,TCP,Free,
4,TCP,Free,
39,TCP,Free,
49,TCP,Free,
50,TCP,Free,
58,TCP,Free,
68,TCP,Free,
80,TCP,Free,
88,TCP,Free,
55,TCP,Free,
57,TCP,Free,
60,TCP,Free,
74,TCP,Free,
54,TCP,Free,
53,TCP,Free,
73,TCP,Free,
72,TCP,Free,
51,TCP,Free,
65,TCP,Free,
70,TCP,Free,
71,TCP,Free,
85,TCP,Free,
63,TCP,Free,
69,TCP,Free,
76,TCP,Free,
67,TCP,Free,
66,TCP,Free,
64,TCP,Free,
96,TCP,Free,
62,TCP,Free,
84,TCP,Free,
81,TCP,Free,
79,TCP,Free,
78,TCP,Free,
94,TCP,Free,
93,TCP,Free,
77,TCP,Free,
75,TCP,Free,
92,TCP,Free,
91,TCP,Free,
98,TCP,Free,
97,TCP,Free,
89,TCP,Free,
90,TCP,Free,
52,TCP,Free,
87,TCP,Free,
56,TCP,Free,
86,TCP,Free,
61,TCP,Free,
82,TCP,Free,
59,TCP,Free,
83,TCP,Free,
95,TCP,Free,
137,TCP,Free,
100,TCP,Free,
99,TCP,Free,
105,TCP,Free,
112,TCP,Free,
107,TCP,Free,
136,TCP,Free,
151,TCP,Free,
120,TCP,Free,
109,TCP,Free,
108,TCP,Free,
104,TCP,Free,
117,TCP,Free,
113,TCP,Free,
115,TCP,Free,
114,TCP,Free,
101,TCP,Free,
121,TCP,Free,
110,TCP,Free,
111,TCP,Free,
118,TCP,Free,
116,TCP,Free,
134,TCP,Free,
131,TCP,Free,
133,TCP,Free,
130,TCP,Free,
128,TCP,Free,
126,TCP,Free,
125,TCP,Free,
132,TCP,Free,
129,TCP,Free,
123,TCP,Free,
144,TCP,Free,
127,TCP,Free,
143,TCP,Free,
122,TCP,Free,
124,TCP,Free,
141,TCP,Free,
140,TCP,Free,
102,TCP,Free,
145,TCP,Free,
142,TCP,Free,
148,TCP,Free,
119,TCP,Free,
138,TCP,Free,
146,TCP,Free,
150,TCP,Free,
149,TCP,Free,
152,TCP,Free,
153,TCP,Free,
103,TCP,Free,
106,TCP,Free,
147,TCP,Free,
161,TCP,Free,
162,TCP,Free,
176,TCP,Free,
175,TCP,Free,
199,TCP,Free,
203,TCP,Free,
200,TCP,Free,
155,TCP,Free,
163,TCP,Free,
159,TCP,Free,
165,TCP,Free,
180,TCP,Free,
182,TCP,Free,
156,TCP,Free,
154,TCP,Free,
178,TCP,Free,
174,TCP,Free,
170,TCP,Free,
169,TCP,Free,
167,TCP,Free,
173,TCP,Free,
166,TCP,Free,
171,TCP,Free,
181,TCP,Free,
179,TCP,Free,
191,TCP,Free,
177,TCP,Free,
189,TCP,Free,
172,TCP,Free,
194,TCP,Free,
188,TCP,Free,
187,TCP,Free,
193,TCP,Free,
192,TCP,Free,
183,TCP,Free,
157,TCP,Free,
190,TCP,Free,
186,TCP,Free,
164,TCP,Free,
198,TCP,Free,
185,TCP,Free,
184,TCP,Free,
196,TCP,Free,
195,TCP,Free,
160,TCP,Free,
202,TCP,Free,
201,TCP,Free,
158,TCP,Free,
168,TCP,Free,
197,TCP,Free,
209,TCP,Free,
241,TCP,Free,
250,TCP,Free,
206,TCP,Free,
204,TCP,Free,
221,TCP,Free,
219,TCP,Free,
220,TCP,Free,
215,TCP,Free,
205,TCP,Free,
214,TCP,Free,
216,TCP,Free,
213,TCP,Free,
218,TCP,Free,
211,TCP,Free,
217,TCP,Free,
231,TCP,Free,
229,TCP,Free,
228,TCP,Free,
210,TCP,Free,
212,TCP,Free,
227,TCP,Free,
223,TCP,Free,
225,TCP,Free,
232,TCP,Free,
233,TCP,Free,
226,TCP,Free,
230,TCP,Free,
243,TCP,Free,
242,TCP,Free,
224,TCP,Free,
222,TCP,Free,
239,TCP,Free,
238,TCP,Free,
237,TCP,Free,
246,TCP,Free,
245,TCP,Free,
235,TCP,Free,
236,TCP,Free,
244,TCP,Free,
207,TCP,Free,
247,TCP,Free,
240,TCP,Free,
249,TCP,Free,
234,TCP,Free,
248,TCP,Free,
251,TCP,Free,
252,TCP,Free,
253,TCP,Free,
208,TCP,Free,
255,TCP,Free,
263,TCP,Free,
254,TCP,Free,
260,TCP,Free,
264,TCP,Free,
266,TCP,Free,
269,TCP,Free,
265,TCP,Free,
261,TCP,Free,
262,TCP,Free,
256,TCP,Free,
258,TCP,Free,
259,TCP,Free,
267,TCP,Free,
268,TCP,Free,
270,TCP,Free,
257,TCP,Free,
273,TCP,Free,
295,TCP,Free,
301,TCP,Free,
277,TCP,Free,
278,TCP,Free,
279,TCP,Free,
280,TCP,Free,
281,TCP,Free,
282,TCP,Free,
284,TCP,Free,
271,TCP,Free,
275,TCP,Free,
285,TCP,Free,
283,TCP,Free,
287,TCP,Free,
288,TCP,Free,
286,TCP,Free,
289,TCP,Free,
290,TCP,Free,
291,TCP,Free,
292,TCP,Free,
293,TCP,Free,
294,TCP,Free,
272,TCP,Free,
298,TCP,Free,
297,TCP,Free,
299,TCP,Free,
296,TCP,Free,
300,TCP,Free,
274,TCP,Free,
302,TCP,Free,
303,TCP,Free,
276,TCP,Free,
307,TCP,Free,
317,TCP,Free,
306,TCP,Free,
305,TCP,Free,
304,TCP,Free,
308,TCP,Free,
314,TCP,Free,
311,TCP,Free,
310,TCP,Free,
320,TCP,Free,
313,TCP,Free,
315,TCP,Free,
309,TCP,Free,
319,TCP,Free,
318,TCP,Free,
316,TCP,Free,
312,TCP,Free,
321,TCP,Free,
331,TCP,Free,
333,TCP,Free,
334,TCP,Free,
336,TCP,Free,
351,TCP,Free,
329,TCP,Free,
325,TCP,Free,
323,TCP,Free,
324,TCP,Free,
337,TCP,Free,
335,TCP,Free,
327,TCP,Free,
326,TCP,Free,
338,TCP,Free,
339,TCP,Free,
342,TCP,Free,
340,TCP,Free,
341,TCP,Free,
343,TCP,Free,
328,TCP,Free,
348,TCP,Free,
350,TCP,Free,
330,TCP,Free,
332,TCP,Free,
352,TCP,Free,
353,TCP,Free,
344,TCP,Free,
345,TCP,Free,
346,TCP,Free,
322,TCP,Free,
349,TCP,Free,
347,TCP,Free,
360,TCP,Free,
368,TCP,Free,
372,TCP,Free,
357,TCP,Free,
363,TCP,Free,
354,TCP,Free,
361,TCP,Free,
362,TCP,Free,
355,TCP,Free,
371,TCP,Free,
364,TCP,Free,
358,TCP,Free,
370,TCP,Free,
369,TCP,Free,
356,TCP,Free,
367,TCP,Free,
366,TCP,Free,
365,TCP,Free,
359,TCP,Free,
377,TCP,Free,
393,TCP,Free,
388,TCP,Free,
402,TCP,Free,
383,TCP,Free,
382,TCP,Free,
381,TCP,Free,
380,TCP,Free,
385,TCP,Free,
386,TCP,Free,
378,TCP,Free,
379,TCP,Free,
375,TCP,Free,
394,TCP,Free,
395,TCP,Free,
396,TCP,Free,
392,TCP,Free,
376,TCP,Free,
391,TCP,Free,
389,TCP,Free,
390,TCP,Free,
387,TCP,Free,
374,TCP,Free,
398,TCP,Free,
397,TCP,Free,
400,TCP,Free,
399,TCP,Free,
401,TCP,Free,
403,TCP,Free,
384,TCP,Free,
373,TCP,Free,
407,TCP,Free,
413,TCP,Free,
408,TCP,Free,
411,TCP,Free,
406,TCP,Free,
409,TCP,Free,
405,TCP,Free,
416,TCP,Free,
417,TCP,Free,
410,TCP,Free,
422,TCP,Free,
418,TCP,Free,
412,TCP,Free,
404,TCP,Free,
414,TCP,Free,
415,TCP,Free,
420,TCP,Free,
421,TCP,Free,
419,TCP,Free,
424,TCP,Free,
439,TCP,Free,
447,TCP,Free,
453,TCP,Free,
426,TCP,Free,
448,TCP,Free,
434,TCP,Free,
436,TCP,Free,
432,TCP,Free,
433,TCP,Free,
428,TCP,Free,
442,TCP,Free,
454,TCP,Free,
425,TCP,Free,
430,TCP,Free,
431,TCP,Free,
429,TCP,Free,
427,TCP,Free,
440,TCP,Free,
438,TCP,Free,
437,TCP,Free,
423,TCP,Free,
435,TCP,Free,
450,TCP,Free,
449,TCP,Free,
441,TCP,Free,
446,TCP,Free,
444,TCP,Free,
452,TCP,Free,
443,TCP,Free,
451,TCP,Free,
459,TCP,Free,
458,TCP,Free,
456,TCP,Free,
461,TCP,Free,
462,TCP,Free,
467,TCP,Free,
470,TCP,Free,
473,TCP,Free,
457,TCP,Free,
460,TCP,Free,
464,TCP,Free,
463,TCP,Free,
465,TCP,Free,
466,TCP,Free,
468,TCP,Free,
469,TCP,Free,
471,TCP,Free,
472,TCP,Free,
455,TCP,Free,
474,TCP,Free,
481,TCP,Free,
486,TCP,Free,
488,TCP,Free,
489,TCP,Free,
475,TCP,Free,
484,TCP,Free,
485,TCP,Free,
497,TCP,Free,
483,TCP,Free,
476,TCP,Free,
495,TCP,Free,
496,TCP,Free,
494,TCP,Free,
493,TCP,Free,
478,TCP,Free,
504,TCP,Free,
503,TCP,Free,
502,TCP,Free,
500,TCP,Free,
479,TCP,Free,
499,TCP,Free,
480,TCP,Free,
487,TCP,Free,
482,TCP,Free,
498,TCP,Free,
492,TCP,Free,
477,TCP,Free,
491,TCP,Free,
501,TCP,Free,
490,TCP,Free,
513,TCP,Free,
512,TCP,Free,
505,TCP,Free,
510,TCP,Free,
518,TCP,Free,
508,TCP,Free,
507,TCP,Free,
509,TCP,Free,
517,TCP,Free,
515,TCP,Free,
514,TCP,Free,
506,TCP,Free,
522,TCP,Free,
519,TCP,Free,
516,TCP,Free,
521,TCP,Free,
520,TCP,Free,
523,TCP,Free,
511,TCP,Free,
524,TCP,Free,
543,TCP,Free,
553,TCP,Free,
528,TCP,Free,
530,TCP,Free,
529,TCP,Free,
532,TCP,Free,
531,TCP,Free,
533,TCP,Free,
534,TCP,Free,
535,TCP,Free,
537,TCP,Free,
536,TCP,Free,
539,TCP,Free,
541,TCP,Free,
538,TCP,Free,
542,TCP,Free,
540,TCP,Free,
544,TCP,Free,
545,TCP,Free,
546,TCP,Free,
526,TCP,Free,
525,TCP,Free,
548,TCP,Free,
547,TCP,Free,
549,TCP,Free,
550,TCP,Free,
551,TCP,Free,
552,TCP,Free,
527,TCP,Free,
554,TCP,Free,
557,TCP,Free,
558,TCP,Free,
566,TCP,Free,
555,TCP,Free,
562,TCP,Free,
560,TCP,Free,
573,TCP,Free,
572,TCP,Free,
570,TCP,Free,
569,TCP,Free,
568,TCP,Free,
559,TCP,Free,
565,TCP,Free,
567,TCP,Free,
563,TCP,Free,
564,TCP,Free,
561,TCP,Free,
571,TCP,Free,
556,TCP,Free,
575,TCP,Free,
582,TCP,Free,
597,TCP,Free,
595,TCP,Free,
591,TCP,Free,
598,TCP,Free,
593,TCP,Free,
592,TCP,Free,
589,TCP,Free,
603,TCP,Free,
599,TCP,Free,
596,TCP,Free,
576,TCP,Free,
574,TCP,Free,
587,TCP,Free,
594,TCP,Free,
586,TCP,Free,
585,TCP,Free,
583,TCP,Free,
581,TCP,Free,
578,TCP,Free,
590,TCP,Free,
588,TCP,Free,
602,TCP,Free,
600,TCP,Free,
601,TCP,Free,
577,TCP,Free,
579,TCP,Free,
584,TCP,Free,
580,TCP,Free,
604,TCP,Free,
610,TCP,Free,
606,TCP,Free,
609,TCP,Free,
616,TCP,Free,
617,TCP,Free,
620,TCP,Free,
623,TCP,Free,
607,TCP,Free,
605,TCP,Free,
608,TCP,Free,
611,TCP,Free,
612,TCP,Free,
613,TCP,Free,
614,TCP,Free,
618,TCP,Free,
619,TCP,Free,
621,TCP,Free,
622,TCP,Free,
615,TCP,Free,
625,TCP,Free,
644,TCP,Free,
628,TCP,Free,
624,TCP,Free,
627,TCP,Free,
629,TCP,Free,
631,TCP,Free,
633,TCP,Free,
630,TCP,Free,
635,TCP,Free,
636,TCP,Free,
632,TCP,Free,
637,TCP,Free,
638,TCP,Free,
634,TCP,Free,
642,TCP,Free,
639,TCP,Free,
643,TCP,Free,
640,TCP,Free,
645,TCP,Free,
646,TCP,Free,
648,TCP,Free,
641,TCP,Free,
649,TCP,Free,
647,TCP,Free,
651,TCP,Free,
652,TCP,Free,
653,TCP,Free,
650,TCP,Free,
626,TCP,Free,
654,TCP,Free,
663,TCP,Free,
673,TCP,Free,
664,TCP,Free,
655,TCP,Free,
656,TCP,Free,
660,TCP,Free,
661,TCP,Free,
659,TCP,Free,
669,TCP,Free,
657,TCP,Free,
670,TCP,Free,
668,TCP,Free,
658,TCP,Free,
666,TCP,Free,
667,TCP,Free,
665,TCP,Free,
671,TCP,Free,
672,TCP,Free,
662,TCP,Free,
674,TCP,Free,
694,TCP,Free,
698,TCP,Free,
677,TCP,Free,
675,TCP,Free,
683,TCP,Free,
682,TCP,Free,
676,TCP,Free,
696,TCP,Free,
681,TCP,Free,
678,TCP,Free,
679,TCP,Free,
690,TCP,Free,
695,TCP,Free,
686,TCP,Free,
688,TCP,Free,
687,TCP,Free,
685,TCP,Free,
692,TCP,Free,
702,TCP,Free,
697,TCP,Free,
701,TCP,Free,
693,TCP,Free,
691,TCP,Free,
684,TCP,Free,
680,TCP,Free,
699,TCP,Free,
700,TCP,Free,
703,TCP,Free,
689,TCP,Free,
704,TCP,Free,
712,TCP,Free,
709,TCP,Free,
710,TCP,Free,
705,TCP,Free,
711,TCP,Free,
706,TCP,Free,
708,TCP,Free,
723,TCP,Free,
722,TCP,Free,
718,TCP,Free,
717,TCP,Free,
716,TCP,Free,
721,TCP,Free,
715,TCP,Free,
719,TCP,Free,
720,TCP,Free,
714,TCP,Free,
713,TCP,Free,
707,TCP,Free,
724,TCP,Free,
732,TCP,Free,
734,TCP,Free,
746,TCP,Free,
729,TCP,Free,
730,TCP,Free,
741,TCP,Free,
733,TCP,Free,
739,TCP,Free,
738,TCP,Free,
725,TCP,Free,
737,TCP,Free,
736,TCP,Free,
740,TCP,Free,
735,TCP,Free,
748,TCP,Free,
727,TCP,Free,
747,TCP,Free,
753,TCP,Free,
745,TCP,Free,
744,TCP,Free,
743,TCP,Free,
728,TCP,Free,
742,TCP,Free,
749,TCP,Free,
731,TCP,Free,
751,TCP,Free,
752,TCP,Free,
726,TCP,Free,
750,TCP,Free,
754,TCP,Free,
764,TCP,Free,
763,TCP,Free,
756,TCP,Free,
765,TCP,Free,
759,TCP,Free,
773,TCP,Free,
758,TCP,Free,
772,TCP,Free,
771,TCP,Free,
755,TCP,Free,
762,TCP,Free,
768,TCP,Free,
766,TCP,Free,
770,TCP,Free,
760,TCP,Free,
761,TCP,Free,
769,TCP,Free,
757,TCP,Free,
767,TCP,Free,
777,TCP,Free,
785,TCP,Free,
786,TCP,Free,
779,TCP,Free,
794,TCP,Free,
800,TCP,Free,
789,TCP,Free,
784,TCP,Free,
791,TCP,Free,
792,TCP,Free,
795,TCP,Free,
796,TCP,Free,
797,TCP,Free,
788,TCP,Free,
774,TCP,Free,
778,TCP,Free,
790,TCP,Free,
801,TCP,Free,
776,TCP,Free,
780,TCP,Free,
793,TCP,Free,
802,TCP,Free,
798,TCP,Free,
787,TCP,Free,
799,TCP,Free,
782,TCP,Free,
803,TCP,Free,
781,TCP,Free,
783,TCP,Free,
775,TCP,Free,
804,TCP,Free,
808,TCP,Free,
810,TCP,Free,
807,TCP,Free,
806,TCP,Free,
821,TCP,Free,
819,TCP,Free,
811,TCP,Free,
818,TCP,Free,
817,TCP,Free,
812,TCP,Free,
816,TCP,Free,
813,TCP,Free,
809,TCP,Free,
823,TCP,Free,
822,TCP,Free,
820,TCP,Free,
815,TCP,Free,
814,TCP,Free,
805,TCP,Free,
824,TCP,Free,
827,TCP,Free,
852,TCP,Free,
844,TCP,Free,
849,TCP,Free,
825,TCP,Free,
835,TCP,Free,
836,TCP,Free,
841,TCP,Free,
842,TCP,Free,
829,TCP,Free,
826,TCP,Free,
847,TCP,Free,
828,TCP,Free,
851,TCP,Free,
830,TCP,Free,
831,TCP,Free,
837,TCP,Free,
838,TCP,Free,
839,TCP,Free,
840,TCP,Free,
843,TCP,Free,
845,TCP,Free,
833,TCP,Free,
846,TCP,Free,
848,TCP,Free,
850,TCP,Free,
834,TCP,Free,
853,TCP,Free,
832,TCP,Free,
854,TCP,Free,
858,TCP,Free,
869,TCP,Free,
856,TCP,Free,
855,TCP,Free,
857,TCP,Free,
864,TCP,Free,
865,TCP,Free,
863,TCP,Free,
862,TCP,Free,
860,TCP,Free,
861,TCP,Free,
868,TCP,Free,
859,TCP,Free,
866,TCP,Free,
867,TCP,Free,
873,TCP,Free,
872,TCP,Free,
871,TCP,Free,
870,TCP,Free,
880,TCP,Free,
879,TCP,Free,
878,TCP,Free,
888,TCP,Free,
891,TCP,Free,
894,TCP,Free,
875,TCP,Free,
886,TCP,Free,
883,TCP,Free,
877,TCP,Free,
876,TCP,Free,
874,TCP,Free,
892,TCP,Free,
897,TCP,Free,
889,TCP,Free,
898,TCP,Free,
885,TCP,Free,
900,TCP,Free,
884,TCP,Free,
893,TCP,Free,
902,TCP,Free,
890,TCP,Free,
895,TCP,Free,
896,TCP,Free,
899,TCP,Free,
881,TCP,Free,
901,TCP,Free,
903,TCP,Free,
882,TCP,Free,
887,TCP,Free,
904,TCP,Free,
906,TCP,Free,
913,TCP,Free,
915,TCP,Free,
910,TCP,Free,
923,TCP,Free,
922,TCP,Free,
919,TCP,Free,
907,TCP,Free,
905,TCP,Free,
916,TCP,Free,
917,TCP,Free,
914,TCP,Free,
921,TCP,Free,
911,TCP,Free,
908,TCP,Free,
909,TCP,Free,
920,TCP,Free,
918,TCP,Free,
912,TCP,Free,
928,TCP,Free,
940,TCP,Free,
944,TCP,Free,
947,TCP,Free,
927,TCP,Free,
929,TCP,Free,
930,TCP,Free,
942,TCP,Free,
925,TCP,Free,
934,TCP,Free,
935,TCP,Free,
937,TCP,Free,
936,TCP,Free,
938,TCP,Free,
939,TCP,Free,
933,TCP,Free,
941,TCP,Free,
946,TCP,Free,
924,TCP,Free,
945,TCP,Free,
950,TCP,Free,
948,TCP,Free,
931,TCP,Free,
951,TCP,Free,
953,TCP,Free,
952,TCP,Free,
943,TCP,Free,
949,TCP,Free,
926,TCP,Free,
932,TCP,Free,
954,TCP,Free,
956,TCP,Free,
969,TCP,Free,
957,TCP,Free,
961,TCP,Free,
960,TCP,Free,
965,TCP,Free,
964,TCP,Free,
959,TCP,Free,
955,TCP,Free,
973,TCP,Free,
970,TCP,Free,
972,TCP,Free,
962,TCP,Free,
967,TCP,Free,
963,TCP,Free,
971,TCP,Free,
968,TCP,Free,
958,TCP,Free,
966,TCP,Free,
975,TCP,Free,
983,TCP,Free,
996,TCP,Free,
986,TCP,Free,
997,TCP,Free,
982,TCP,Free,
994,TCP,Free,
993,TCP,Free,
991,TCP,Free,
989,TCP,Free,
999,TCP,Free,
980,TCP,Free,
974,TCP,Free,
976,TCP,Free,
987,TCP,Free,
985,TCP,Free,
977,TCP,Free,
981,TCP,Free,
984,TCP,Free,
995,TCP,Free,
979,TCP,Free,
992,TCP,Free,
990,TCP,Free,
978,TCP,Free,
998,TCP,Free,
988,TCP,Free,
1000,TCP,Free,
1001,TCP,Free,
1002,TCP,Free,
1003,TCP,Free,
1004,TCP,Free,
1011,TCP,Free,
1018,TCP,Free,
1023,TCP,Free,
1006,TCP,Free,
1008,TCP,Free,
1005,TCP,Free,
1007,TCP,Free,
1014,TCP,Free,
1012,TCP,Free,
1013,TCP,Free,
1016,TCP,Free,
1017,TCP,Free,
1015,TCP,Free,
1010,TCP,Free,
1019,TCP,Free,
1020,TCP,Free,
1022,TCP,Free,
1021,TCP,Free,
1009,TCP,Free,
1024,TCP,Free,
1,UDP,Free,
2,UDP,Free,
3,UDP,Free,
4,UDP,Free,
5,UDP,Free,
6,UDP,Free,
7,UDP,Free,
8,UDP,Free,
9,UDP,Free,
10,UDP,Free,
11,UDP,Free,
12,UDP,Free,
13,UDP,Free,
14,UDP,Free,
15,UDP,Free,
16,UDP,Free,
17,UDP,Free,
18,UDP,Free,
19,UDP,Free,
20,UDP,Free,
21,UDP,Free,
22,UDP,Free,
23,UDP,Free,
24,UDP,Free,
25,UDP,Free,
26,UDP,Free,
27,UDP,Free,
28,UDP,Free,
29,UDP,Free,
30,UDP,Free,
31,UDP,Free,
32,UDP,Free,
33,UDP,Free,
34,UDP,Free,
35,UDP,Free,
36,UDP,Free,
37,UDP,Free,
38,UDP,Free,
39,UDP,Free,
40,UDP,Free,
41,UDP,Free,
42,UDP,Free,
43,UDP,Free,
44,UDP,Free,
45,UDP,Free,
46,UDP,Free,
47,UDP,Free,
48,UDP,Free,
49,UDP,Free,
50,UDP,Free,
51,UDP,Free,
52,UDP,Free,
53,UDP,Free,
54,UDP,Free,
55,UDP,Free,
56,UDP,Free,
57,UDP,Free,
58,UDP,Free,
59,UDP,Free,
60,UDP,Free,
61,UDP,Free,
62,UDP,Free,
63,UDP,Free,
64,UDP,Free,
65,UDP,Free,
66,UDP,Free,
67,UDP,Free,
68,UDP,Free,
69,UDP,Free,
70,UDP,Free,
71,UDP,Free,
72,UDP,Free,
73,UDP,Free,
74,UDP,Free,
75,UDP,Free,
76,UDP,Free,
77,UDP,Free,
78,UDP,Free,
79,UDP,Free,
80,UDP,Free,
81,UDP,Free,
82,UDP,Free,
83,UDP,Free,
84,UDP,Free,
85,UDP,Free,
86,UDP,Free,
87,UDP,Free,
88,UDP,Free,
89,UDP,Free,
90,UDP,Free,
91,UDP,Free,
92,UDP,Free,
93,UDP,Free,
94,UDP,Free,
95,UDP,Free,
96,UDP,Free,
97,UDP,Free,
98,UDP,Free,
99,UDP,Free,
100,UDP,Free,
131,UDP,Free,
132,UDP,Free,
133,UDP,Free,
134,UDP,Free,
135,UDP,Free,
136,UDP,Free,
139,UDP,Free,
140,UDP,Free,
141,UDP,Free,
142,UDP,Free,
143,UDP,Free,
144,UDP,Free,
145,UDP,Free,
146,UDP,Free,
147,UDP,Free,
148,UDP,Free,
149,UDP,Free,
150,UDP,Free,
151,UDP,Free,
152,UDP,Free,
153,UDP,Free,
154,UDP,Free,
155,UDP,Free,
156,UDP,Free,
157,UDP,Free,
158,UDP,Free,
159,UDP,Free,
160,UDP,Free,
161,UDP,Free,
162,UDP,Free,
163,UDP,Free,
164,UDP,Free,
165,UDP,Free,
166,UDP,Free,
167,UDP,Free,
168,UDP,Free,
169,UDP,Free,
170,UDP,Free,
171,UDP,Free,
172,UDP,Free,
173,UDP,Free,
174,UDP,Free,
175,UDP,Free,
176,UDP,Free,
177,UDP,Free,
178,UDP,Free,
179,UDP,Free,
180,UDP,Free,
181,UDP,Free,
182,UDP,Free,
183,UDP,Free,
184,UDP,Free,
185,UDP,Free,
186,UDP,Free,
187,UDP,Free,
188,UDP,Free,
189,UDP,Free,
190,UDP,Free,
191,UDP,Free,
192,UDP,Free,
193,UDP,Free,
194,UDP,Free,
195,UDP,Free,
196,UDP,Free,
197,UDP,Free,
198,UDP,Free,
199,UDP,Free,
200,UDP,Free,
201,UDP,Free,
202,UDP,Free,
203,UDP,Free,
204,UDP,Free,
205,UDP,Free,
206,UDP,Free,
207,UDP,Free,
208,UDP,Free,
209,UDP,Free,
210,UDP,Free,
211,UDP,Free,
212,UDP,Free,
213,UDP,Free,
214,UDP,Free,
215,UDP,Free,
216,UDP,Free,
217,UDP,Free,
218,UDP,Free,
219,UDP,Free,
220,UDP,Free,
221,UDP,Free,
222,UDP,Free,
223,UDP,Free,
224,UDP,Free,
225,UDP,Free,
226,UDP,Free,
227,UDP,Free,
228,UDP,Free,
229,UDP,Free,
230,UDP,Free,
231,UDP,Free,
232,UDP,Free,
101,UDP,Free,
117,UDP,Free,
128,UDP,Free,
129,UDP,Free,
130,UDP,Free,
107,UDP,Free,
102,UDP,Free,
106,UDP,Free,
115,UDP,Free,
109,UDP,Free,
113,UDP,Free,
104,UDP,Free,
120,UDP,Free,
121,UDP,Free,
119,UDP,Free,
126,UDP,Free,
127,UDP,Free,
108,UDP,Free,
103,UDP,Free,
112,UDP,Free,
114,UDP,Free,
110,UDP,Free,
118,UDP,Free,
123,UDP,Free,
124,UDP,Free,
122,UDP,Free,
125,UDP,Free,
111,UDP,Free,
116,UDP,Free,
105,UDP,Free,
137,UDP,Free,
138,UDP,Free,
281,UDP,Free,
282,UDP,Free,
283,UDP,Free,
284,UDP,Free,
285,UDP,Free,
286,UDP,Free,
287,UDP,Free,
288,UDP,Free,
289,UDP,Free,
290,UDP,Free,
291,UDP,Free,
292,UDP,Free,
293,UDP,Free,
294,UDP,Free,
295,UDP,Free,
296,UDP,Free,
297,UDP,Free,
298,UDP,Free,
299,UDP,Free,
300,UDP,Free,
301,UDP,Free,
302,UDP,Free,
303,UDP,Free,
304,UDP,Free,
305,UDP,Free,
306,UDP,Free,
307,UDP,Free,
308,UDP,Free,
309,UDP,Free,
310,UDP,Free,
311,UDP,Free,
312,UDP,Free,
313,UDP,Free,
314,UDP,Free,
315,UDP,Free,
316,UDP,Free,
317,UDP,Free,
318,UDP,Free,
319,UDP,Free,
320,UDP,Free,
321,UDP,Free,
322,UDP,Free,
323,UDP,Free,
324,UDP,Free,
325,UDP,Free,
326,UDP,Free,
327,UDP,Free,
328,UDP,Free,
329,UDP,Free,
330,UDP,Free,
331,UDP,Free,
332,UDP,Free,
333,UDP,Free,
334,UDP,Free,
335,UDP,Free,
336,UDP,Free,
337,UDP,Free,
338,UDP,Free,
339,UDP,Free,
340,UDP,Free,
341,UDP,Free,
342,UDP,Free,
343,UDP,Free,
344,UDP,Free,
345,UDP,Free,
346,UDP,Free,
347,UDP,Free,
348,UDP,Free,
349,UDP,Free,
350,UDP,Free,
351,UDP,Free,
352,UDP,Free,
353,UDP,Free,
354,UDP,Free,
355,UDP,Free,
356,UDP,Free,
357,UDP,Free,
358,UDP,Free,
359,UDP,Free,
360,UDP,Free,
361,UDP,Free,
362,UDP,Free,
363,UDP,Free,
364,UDP,Free,
365,UDP,Free,
366,UDP,Free,
367,UDP,Free,
368,UDP,Free,
369,UDP,Free,
370,UDP,Free,
371,UDP,Free,
372,UDP,Free,
373,UDP,Free,
374,UDP,Free,
375,UDP,Free,
376,UDP,Free,
377,UDP,Free,
378,UDP,Free,
379,UDP,Free,
380,UDP,Free,
233,UDP,Free,
234,UDP,Free,
256,UDP,Free,
237,UDP,Free,
265,UDP,Free,
271,UDP,Free,
248,UDP,Free,
250,UDP,Free,
251,UDP,Free,
235,UDP,Free,
243,UDP,Free,
254,UDP,Free,
239,UDP,Free,
238,UDP,Free,
245,UDP,Free,
246,UDP,Free,
261,UDP,Free,
255,UDP,Free,
264,UDP,Free,
262,UDP,Free,
240,UDP,Free,
268,UDP,Free,
236,UDP,Free,
241,UDP,Free,
259,UDP,Free,
252,UDP,Free,
263,UDP,Free,
247,UDP,Free,
270,UDP,Free,
266,UDP,Free,
267,UDP,Free,
269,UDP,Free,
253,UDP,Free,
257,UDP,Free,
258,UDP,Free,
244,UDP,Free,
249,UDP,Free,
260,UDP,Free,
242,UDP,Free,
273,UDP,Free,
279,UDP,Free,
272,UDP,Free,
275,UDP,Free,
276,UDP,Free,
278,UDP,Free,
274,UDP,Free,
280,UDP,Free,
277,UDP,Free,
389,UDP,Free,
386,UDP,Free,
403,UDP,Free,
410,UDP,Free,
390,UDP,Free,
391,UDP,Free,
382,UDP,Free,
384,UDP,Free,
419,UDP,Free,
387,UDP,Free,
393,UDP,Free,
395,UDP,Free,
397,UDP,Free,
401,UDP,Free,
414,UDP,Free,
399,UDP,Free,
396,UDP,Free,
400,UDP,Free,
408,UDP,Free,
416,UDP,Free,
418,UDP,Free,
383,UDP,Free,
415,UDP,Free,
420,UDP,Free,
388,UDP,Free,
394,UDP,Free,
381,UDP,Free,
392,UDP,Free,
405,UDP,Free,
404,UDP,Free,
406,UDP,Free,
413,UDP,Free,
411,UDP,Free,
385,UDP,Free,
412,UDP,Free,
421,UDP,Free,
402,UDP,Free,
398,UDP,Free,
417,UDP,Free,
409,UDP,Free,
407,UDP,Free,
431,UDP,Free,
432,UDP,Free,
433,UDP,Free,
434,UDP,Free,
435,UDP,Free,
436,UDP,Free,
437,UDP,Free,
438,UDP,Free,
439,UDP,Free,
440,UDP,Free,
441,UDP,Free,
442,UDP,Free,
443,UDP,Free,
444,UDP,Free,
445,UDP,Free,
446,UDP,Free,
447,UDP,Free,
448,UDP,Free,
449,UDP,Free,
450,UDP,Free,
451,UDP,Free,
452,UDP,Free,
453,UDP,Free,
454,UDP,Free,
455,UDP,Free,
456,UDP,Free,
457,UDP,Free,
458,UDP,Free,
459,UDP,Free,
460,UDP,Free,
461,UDP,Free,
462,UDP,Free,
463,UDP,Free,
464,UDP,Free,
465,UDP,Free,
466,UDP,Free,
467,UDP,Free,
468,UDP,Free,
469,UDP,Free,
470,UDP,Free,
471,UDP,Free,
472,UDP,Free,
473,UDP,Free,
474,UDP,Free,
475,UDP,Free,
476,UDP,Free,
477,UDP,Free,
478,UDP,Free,
479,UDP,Free,
480,UDP,Free,
481,UDP,Free,
482,UDP,Free,
483,UDP,Free,
484,UDP,Free,
485,UDP,Free,
486,UDP,Free,
487,UDP,Free,
488,UDP,Free,
489,UDP,Free,
490,UDP,Free,
491,UDP,Free,
492,UDP,Free,
493,UDP,Free,
494,UDP,Free,
495,UDP,Free,
496,UDP,Free,
497,UDP,Free,
498,UDP,Free,
499,UDP,Free,
501,UDP,Free,
502,UDP,Free,
503,UDP,Free,
505,UDP,Free,
504,UDP,Free,
506,UDP,Free,
507,UDP,Free,
508,UDP,Free,
509,UDP,Free,
510,UDP,Free,
511,UDP,Free,
512,UDP,Free,
513,UDP,Free,
514,UDP,Free,
515,UDP,Free,
516,UDP,Free,
517,UDP,Free,
518,UDP,Free,
519,UDP,Free,
520,UDP,Free,
521,UDP,Free,
522,UDP,Free,
523,UDP,Free,
524,UDP,Free,
525,UDP,Free,
526,UDP,Free,
527,UDP,Free,
528,UDP,Free,
529,UDP,Free,
530,UDP,Free,
531,UDP,Free,
423,UDP,Free,
422,UDP,Free,
424,UDP,Free,
429,UDP,Free,
430,UDP,Free,
425,UDP,Free,
426,UDP,Free,
427,UDP,Free,
428,UDP,Free,
568,UDP,Free,
545,UDP,Free,
551,UDP,Free,
547,UDP,Free,
556,UDP,Free,
562,UDP,Free,
557,UDP,Free,
554,UDP,Free,
567,UDP,Free,
535,UDP,Free,
572,UDP,Free,
565,UDP,Free,
534,UDP,Free,
543,UDP,Free,
533,UDP,Free,
574,UDP,Free,
580,UDP,Free,
566,UDP,Free,
537,UDP,Free,
579,UDP,Free,
570,UDP,Free,
560,UDP,Free,
577,UDP,Free,
571,UDP,Free,
541,UDP,Free,
544,UDP,Free,
546,UDP,Free,
559,UDP,Free,
553,UDP,Free,
558,UDP,Free,
536,UDP,Free,
538,UDP,Free,
578,UDP,Free,
573,UDP,Free,
500,UDP,Free,
539,UDP,Free,
576,UDP,Free,
542,UDP,Free,
549,UDP,Free,
548,UDP,Free,
552,UDP,Free,
569,UDP,Free,
561,UDP,Free,
563,UDP,Free,
575,UDP,Free,
555,UDP,Free,
540,UDP,Free,
550,UDP,Free,
564,UDP,Free,
532,UDP,Free,
581,UDP,Free,
582,UDP,Free,
583,UDP,Free,
584,UDP,Free,
585,UDP,Free,
586,UDP,Free,
587,UDP,Free,
588,UDP,Free,
589,UDP,Free,
590,UDP,Free,
591,UDP,Free,
592,UDP,Free,
593,UDP,Free,
594,UDP,Free,
595,UDP,Free,
596,UDP,Free,
597,UDP,Free,
598,UDP,Free,
599,UDP,Free,
600,UDP,Free,
601,UDP,Free,
602,UDP,Free,
603,UDP,Free,
604,UDP,Free,
605,UDP,Free,
606,UDP,Free,
607,UDP,Free,
608,UDP,Free,
609,UDP,Free,
610,UDP,Free,
611,UDP,Free,
612,UDP,Free,
613,UDP,Free,
614,UDP,Free,
615,UDP,Free,
616,UDP,Free,
617,UDP,Free,
618,UDP,Free,
619,UDP,Free,
620,UDP,Free,
621,UDP,Free,
622,UDP,Free,
623,UDP,Free,
624,UDP,Free,
625,UDP,Free,
626,UDP,Free,
627,UDP,Free,
628,UDP,Free,
629,UDP,Free,
630,UDP,Free,
631,UDP,Free,
632,UDP,Free,
633,UDP,Free,
634,UDP,Free,
635,UDP,Free,
636,UDP,Free,
637,UDP,Free,
638,UDP,Free,
639,UDP,Free,
640,UDP,Free,
641,UDP,Free,
642,UDP,Free,
643,UDP,Free,
644,UDP,Free,
645,UDP,Free,
646,UDP,Free,
647,UDP,Free,
648,UDP,Free,
649,UDP,Free,
650,UDP,Free,
651,UDP,Free,
652,UDP,Free,
653,UDP,Free,
654,UDP,Free,
655,UDP,Free,
656,UDP,Free,
657,UDP,Free,
658,UDP,Free,
659,UDP,Free,
660,UDP,Free,
661,UDP,Free,
662,UDP,Free,
663,UDP,Free,
664,UDP,Free,
665,UDP,Free,
666,UDP,Free,
667,UDP,Free,
668,UDP,Free,
669,UDP,Free,
670,UDP,Free,
671,UDP,Free,
672,UDP,Free,
673,UDP,Free,
674,UDP,Free,
675,UDP,Free,
676,UDP,Free,
677,UDP,Free,
678,UDP,Free,
679,UDP,Free,
680,UDP,Free,
692,UDP,Free,
682,UDP,Free,
688,UDP,Free,
681,UDP,Free,
685,UDP,Free,
687,UDP,Free,
689,UDP,Free,
683,UDP,Free,
693,UDP,Free,
691,UDP,Free,
684,UDP,Free,
686,UDP,Free,
690,UDP,Free,
731,UDP,Free,
732,UDP,Free,
733,UDP,Free,
734,UDP,Free,
735,UDP,Free,
736,UDP,Free,
737,UDP,Free,
738,UDP,Free,
739,UDP,Free,
740,UDP,Free,
741,UDP,Free,
742,UDP,Free,
743,UDP,Free,
744,UDP,Free,
745,UDP,Free,
746,UDP,Free,
747,UDP,Free,
748,UDP,Free,
749,UDP,Free,
750,UDP,Free,
751,UDP,Free,
752,UDP,Free,
753,UDP,Free,
754,UDP,Free,
755,UDP,Free,
756,UDP,Free,
757,UDP,Free,
758,UDP,Free,
759,UDP,Free,
760,UDP,Free,
761,UDP,Free,
762,UDP,Free,
763,UDP,Free,
764,UDP,Free,
765,UDP,Free,
766,UDP,Free,
767,UDP,Free,
768,UDP,Free,
769,UDP,Free,
770,UDP,Free,
771,UDP,Free,
772,UDP,Free,
773,UDP,Free,
774,UDP,Free,
775,UDP,Free,
776,UDP,Free,
777,UDP,Free,
778,UDP,Free,
779,UDP,Free,
780,UDP,Free,
781,UDP,Free,
782,UDP,Free,
783,UDP,Free,
784,UDP,Free,
785,UDP,Free,
786,UDP,Free,
787,UDP,Free,
788,UDP,Free,
789,UDP,Free,
790,UDP,Free,
791,UDP,Free,
792,UDP,Free,
793,UDP,Free,
794,UDP,Free,
795,UDP,Free,
796,UDP,Free,
797,UDP,Free,
798,UDP,Free,
799,UDP,Free,
800,UDP,Free,
801,UDP,Free,
802,UDP,Free,
803,UDP,Free,
804,UDP,Free,
805,UDP,Free,
806,UDP,Free,
807,UDP,Free,
808,UDP,Free,
809,UDP,Free,
810,UDP,Free,
811,UDP,Free,
812,UDP,Free,
813,UDP,Free,
814,UDP,Free,
815,UDP,Free,
816,UDP,Free,
817,UDP,Free,
818,UDP,Free,
820,UDP,Free,
819,UDP,Free,
821,UDP,Free,
822,UDP,Free,
823,UDP,Free,
824,UDP,Free,
825,UDP,Free,
826,UDP,Free,
827,UDP,Free,
828,UDP,Free,
829,UDP,Free,
830,UDP,Free,
698,UDP,Free,
705,UDP,Free,
708,UDP,Free,
696,UDP,Free,
694,UDP,Free,
714,UDP,Free,
715,UDP,Free,
704,UDP,Free,
718,UDP,Free,
717,UDP,Free,
713,UDP,Free,
707,UDP,Free,
724,UDP,Free,
723,UDP,Free,
725,UDP,Free,
729,UDP,Free,
699,UDP,Free,
726,UDP,Free,
730,UDP,Free,
706,UDP,Free,
703,UDP,Free,
709,UDP,Free,
695,UDP,Free,
727,UDP,Free,
700,UDP,Free,
711,UDP,Free,
712,UDP,Free,
716,UDP,Free,
722,UDP,Free,
721,UDP,Free,
720,UDP,Free,
728,UDP,Free,
702,UDP,Free,
710,UDP,Free,
697,UDP,Free,
719,UDP,Free,
701,UDP,Free,
834,UDP,Free,
838,UDP,Free,
845,UDP,Free,
844,UDP,Free,
850,UDP,Free,
847,UDP,Free,
831,UDP,Free,
852,UDP,Free,
841,UDP,Free,
857,UDP,Free,
839,UDP,Free,
837,UDP,Free,
833,UDP,Free,
836,UDP,Free,
846,UDP,Free,
849,UDP,Free,
848,UDP,Free,
851,UDP,Free,
856,UDP,Free,
855,UDP,Free,
840,UDP,Free,
854,UDP,Free,
832,UDP,Free,
853,UDP,Free,
835,UDP,Free,
842,UDP,Free,
843,UDP,Free,
881,UDP,Free,
882,UDP,Free,
883,UDP,Free,
884,UDP,Free,
885,UDP,Free,
886,UDP,Free,
887,UDP,Free,
888,UDP,Free,
889,UDP,Free,
890,UDP,Free,
891,UDP,Free,
892,UDP,Free,
893,UDP,Free,
894,UDP,Free,
895,UDP,Free,
896,UDP,Free,
897,UDP,Free,
898,UDP,Free,
899,UDP,Free,
900,UDP,Free,
901,UDP,Free,
902,UDP,Free,
903,UDP,Free,
904,UDP,Free,
905,UDP,Free,
906,UDP,Free,
907,UDP,Free,
908,UDP,Free,
909,UDP,Free,
910,UDP,Free,
911,UDP,Free,
912,UDP,Free,
913,UDP,Free,
914,UDP,Free,
915,UDP,Free,
916,UDP,Free,
917,UDP,Free,
918,UDP,Free,
919,UDP,Free,
920,UDP,Free,
921,UDP,Free,
922,UDP,Free,
923,UDP,Free,
924,UDP,Free,
925,UDP,Free,
926,UDP,Free,
927,UDP,Free,
928,UDP,Free,
929,UDP,Free,
930,UDP,Free,
931,UDP,Free,
932,UDP,Free,
933,UDP,Free,
934,UDP,Free,
935,UDP,Free,
936,UDP,Free,
937,UDP,Free,
938,UDP,Free,
939,UDP,Free,
940,UDP,Free,
941,UDP,Free,
942,UDP,Free,
943,UDP,Free,
944,UDP,Free,
945,UDP,Free,
946,UDP,Free,
947,UDP,Free,
948,UDP,Free,
949,UDP,Free,
950,UDP,Free,
951,UDP,Free,
952,UDP,Free,
953,UDP,Free,
954,UDP,Free,
955,UDP,Free,
956,UDP,Free,
957,UDP,Free,
958,UDP,Free,
959,UDP,Free,
960,UDP,Free,
961,UDP,Free,
962,UDP,Free,
963,UDP,Free,
964,UDP,Free,
965,UDP,Free,
966,UDP,Free,
967,UDP,Free,
968,UDP,Free,
969,UDP,Free,
970,UDP,Free,
971,UDP,Free,
972,UDP,Free,
973,UDP,Free,
974,UDP,Free,
975,UDP,Free,
976,UDP,Free,
977,UDP,Free,
978,UDP,Free,
979,UDP,Free,
980,UDP,Free,
875,UDP,Free,
868,UDP,Free,
859,UDP,Free,
861,UDP,Free,
867,UDP,Free,
873,UDP,Free,
871,UDP,Free,
879,UDP,Free,
877,UDP,Free,
878,UDP,Free,
862,UDP,Free,
874,UDP,Free,
864,UDP,Free,
866,UDP,Free,
869,UDP,Free,
858,UDP,Free,
860,UDP,Free,
872,UDP,Free,
863,UDP,Free,
870,UDP,Free,
880,UDP,Free,
865,UDP,Free,
876,UDP,Free,
990,UDP,Free,
985,UDP,Free,
989,UDP,Free,
988,UDP,Free,
993,UDP,Free,
982,UDP,Free,
986,UDP,Free,
992,UDP,Free,
984,UDP,Free,
987,UDP,Free,
983,UDP,Free,
981,UDP,Free,
994,UDP,Free,
991,UDP,Free,
999,UDP,Free,
1011,UDP,Free,
1015,UDP,Free,
996,UDP,Free,
998,UDP,Free,
997,UDP,Free,
1018,UDP,Free,
1008,UDP,Free,
1006,UDP,Free,
1012,UDP,Free,
1010,UDP,Free,
1022,UDP,Free,
1009,UDP,Free,
995,UDP,Free,
1000,UDP,Free,
1003,UDP,Free,
1020,UDP,Free,
1013,UDP,Free,
1004,UDP,Free,
1023,UDP,Free,
1021,UDP,Free,
1007,UDP,Free,
1016,UDP,Free,
1017,UDP,Free,
1005,UDP,Free,
1001,UDP,Free,
1019,UDP,Free,
1024,UDP,Free,
1002,UDP,Free,
1014,UDP,Free,
